evals_bought,evals_passed,funded_accounts,payouts,withdrawn,fees_paid,net_to_trader,avg_payout,largest_payout,first_payout_day,capped_payouts,capped_pct,pct_time_funded,days_funded,days_in_eval,start_date,config
2,2,2,5,2643.1199999999735,1005.0,1638.1199999999735,528.6239999999947,1328.439999999995,213,0,0.0,42.857142857142854,216,288,2018-01-02,fixed N=2 (trailing)
2,2,2,4,4066.439999999966,1345.0,2721.439999999966,1016.6099999999915,2000.0,185,1,25.0,56.15079365079365,283,221,2018-02-01,fixed N=2 (trailing)
2,2,2,5,2750.519999999953,1175.0,1575.5199999999531,550.1039999999906,909.1199999999953,174,0,0.0,50.3968253968254,254,250,2018-03-05,fixed N=2 (trailing)
2,2,2,7,4847.959999999934,1430.0,3417.9599999999336,692.5657142857048,1630.1599999999962,146,0,0.0,59.523809523809526,300,204,2018-04-04,fixed N=2 (trailing)
2,2,2,7,4300.839999999938,1345.0,2955.8399999999383,614.4057142857055,1149.3599999999933,133,0,0.0,57.93650793650794,292,212,2018-05-03,fixed N=2 (trailing)
2,2,2,8,5352.559999999932,1430.0,3922.559999999932,669.0699999999915,1506.9999999999927,111,0,0.0,62.8968253968254,317,187,2018-06-04,fixed N=2 (trailing)
2,2,2,10,6106.679999999913,1685.0,4421.679999999913,610.6679999999913,1630.1599999999962,83,0,0.0,72.22222222222223,364,140,2018-07-03,fixed N=2 (trailing)
2,2,2,9,4202.239999999918,1600.0,2602.239999999918,466.91555555554646,1149.3599999999933,88,0,0.0,69.64285714285714,351,153,2018-08-02,fixed N=2 (trailing)
2,2,2,10,5463.399999999914,1685.0,3778.399999999914,546.3399999999914,1261.1599999999962,67,0,0.0,73.80952380952381,372,132,2018-08-31,fixed N=2 (trailing)
2,2,2,11,7009.799999999908,1770.0,5239.799999999908,637.2545454545372,1546.3999999999942,46,0,0.0,77.97619047619048,393,111,2018-10-02,fixed N=2 (trailing)
2,2,2,9,8548.839999999924,1600.0,6948.839999999924,949.8711111111027,2546.1199999999953,326,0,0.0,70.43650793650794,355,149,2018-10-31,fixed N=2 (trailing)
3,1,1,9,8548.839999999924,1295.0,7253.839999999924,949.8711111111027,2546.1199999999953,305,0,0.0,57.34126984126984,289,215,2018-11-30,fixed N=2 (trailing)
4,1,1,9,8548.839999999924,1330.0,7218.839999999924,949.8711111111027,2546.1199999999953,284,0,0.0,57.34126984126984,289,215,2019-01-03,fixed N=2 (trailing)
4,1,1,9,8548.839999999924,1330.0,7218.839999999924,949.8711111111027,2546.1199999999953,263,0,0.0,57.34126984126984,289,215,2019-02-04,fixed N=2 (trailing)
4,2,2,9,8934.159999999923,1415.0,7519.1599999999235,992.6844444444359,2546.1199999999953,231,0,0.0,57.93650793650794,292,212,2019-03-06,fixed N=2 (trailing)
3,2,2,8,7761.039999999928,1465.0,6296.039999999928,970.129999999991,2214.7599999999948,225,0,0.0,59.523809523809526,300,204,2019-04-04,fixed N=2 (trailing)
3,2,2,8,7451.399999999929,1550.0,5901.399999999929,931.4249999999911,2214.7599999999948,204,0,0.0,63.29365079365079,319,185,2019-05-06,fixed N=2 (trailing)
3,2,2,11,10727.83999999991,1635.0,9092.83999999991,975.2581818181735,2546.1199999999953,179,1,9.090909090909092,70.23809523809524,354,150,2019-06-05,fixed N=2 (trailing)
3,2,2,11,10727.83999999991,1720.0,9007.83999999991,975.2581818181735,2546.1199999999953,158,1,9.090909090909092,74.4047619047619,375,129,2019-07-05,fixed N=2 (trailing)
4,2,2,9,9357.879999999932,1500.0,7857.879999999932,1039.7644444444368,2214.7599999999948,164,1,11.11111111111111,62.5,315,189,2019-08-05,fixed N=2 (trailing)
4,2,2,9,8771.719999999936,1415.0,7356.719999999936,974.6355555555484,2214.7599999999948,145,1,11.11111111111111,59.92063492063492,302,202,2019-09-04,fixed N=2 (trailing)
5,3,3,4,969.7599999999584,1195.0,-225.24000000004162,242.4399999999896,648.439999999995,174,0,0.0,43.25396825396825,218,286,2019-10-03,fixed N=2 (trailing)
6,3,3,4,969.7599999999584,1230.0,-260.2400000000416,242.4399999999896,648.439999999995,153,0,0.0,43.25396825396825,218,286,2019-11-01,fixed N=2 (trailing)
7,3,3,4,969.7599999999584,1265.0,-295.2400000000416,242.4399999999896,648.439999999995,132,0,0.0,43.25396825396825,218,286,2019-12-03,fixed N=2 (trailing)
7,3,3,4,969.7599999999584,1265.0,-295.2400000000416,242.4399999999896,648.439999999995,111,0,0.0,43.25396825396825,218,286,2020-01-03,fixed N=2 (trailing)
9,3,3,4,3287.1599999999744,1080.0,2207.1599999999744,821.7899999999936,2000.0,162,1,25.0,34.72222222222222,175,329,2020-02-04,fixed N=2 (trailing)
9,2,2,3,925.7599999999802,910.0,15.75999999998021,308.58666666666005,648.439999999995,138,0,0.0,26.38888888888889,133,371,2020-03-05,fixed N=2 (trailing)
10,2,2,4,3287.1599999999744,1030.0,2257.1599999999744,821.7899999999936,2000.0,120,1,25.0,32.142857142857146,162,342,2020-04-03,fixed N=2 (trailing)
10,3,3,4,3287.1599999999744,1115.0,2172.1599999999744,821.7899999999936,2000.0,99,1,25.0,33.92857142857143,171,333,2020-05-05,fixed N=2 (trailing)
11,4,4,4,3287.1599999999744,1235.0,2052.1599999999744,821.7899999999936,2000.0,78,1,25.0,36.507936507936506,184,320,2020-06-04,fixed N=2 (trailing)
10,4,4,1,648.439999999995,1115.0,-466.56000000000495,648.439999999995,648.439999999995,222,0,0.0,30.158730158730158,152,352,2020-07-06,fixed N=2 (trailing)
11,4,4,1,648.439999999995,1235.0,-586.560000000005,648.439999999995,648.439999999995,201,0,0.0,33.53174603174603,169,335,2020-08-04,fixed N=2 (trailing)
11,4,4,1,648.439999999995,1150.0,-501.56000000000495,648.439999999995,648.439999999995,180,0,0.0,31.547619047619047,159,345,2020-09-02,fixed N=2 (trailing)
12,4,4,1,648.439999999995,1100.0,-451.56000000000495,648.439999999995,648.439999999995,159,0,0.0,26.984126984126984,136,368,2020-10-02,fixed N=2 (trailing)
11,4,4,1,151.15999999999622,1065.0,-913.8400000000038,151.15999999999622,151.15999999999622,138,0,0.0,26.19047619047619,132,372,2020-11-02,fixed N=2 (trailing)
10,5,5,2,1853.1999999999898,1200.0,653.1999999999898,926.5999999999949,1726.479999999996,113,0,0.0,30.357142857142858,153,351,2020-12-02,fixed N=2 (trailing)
10,5,5,3,2281.2399999999834,1285.0,996.2399999999834,760.4133333333278,1726.479999999996,92,0,0.0,34.72222222222222,175,329,2021-01-04,fixed N=2 (trailing)
9,5,5,4,1132.8799999999756,1420.0,-287.12000000002445,283.2199999999939,431.75999999999476,74,0,0.0,44.04761904761905,222,282,2021-02-03,fixed N=2 (trailing)
10,5,5,3,834.1999999999825,1370.0,-535.8000000000175,278.06666666666086,406.43999999999505,453,0,0.0,39.48412698412698,199,305,2021-03-05,fixed N=2 (trailing)
11,5,5,3,834.1999999999825,1405.0,-570.8000000000175,278.06666666666086,406.43999999999505,432,0,0.0,40.27777777777778,203,301,2021-04-06,fixed N=2 (trailing)
11,4,4,3,834.1999999999825,1150.0,-315.80000000001746,278.06666666666086,406.43999999999505,411,0,0.0,29.761904761904763,150,354,2021-05-05,fixed N=2 (trailing)
12,4,4,3,834.1999999999825,1185.0,-350.80000000001746,278.06666666666086,406.43999999999505,390,0,0.0,29.761904761904763,150,354,2021-06-04,fixed N=2 (trailing)
12,4,4,3,834.1999999999825,1185.0,-350.80000000001746,278.06666666666086,406.43999999999505,369,0,0.0,29.761904761904763,150,354,2021-07-06,fixed N=2 (trailing)
13,4,4,3,834.1999999999825,1220.0,-385.80000000001746,278.06666666666086,406.43999999999505,348,0,0.0,29.761904761904763,150,354,2021-08-04,fixed N=2 (trailing)
13,5,5,3,834.1999999999825,1305.0,-470.80000000001746,278.06666666666086,406.43999999999505,327,0,0.0,31.150793650793652,157,347,2021-09-02,fixed N=2 (trailing)
12,5,5,3,834.1999999999825,1355.0,-520.8000000000175,278.06666666666086,406.43999999999505,306,0,0.0,35.317460317460316,178,326,2021-10-04,fixed N=2 (trailing)
11,5,5,3,834.1999999999825,1405.0,-570.8000000000175,278.06666666666086,406.43999999999505,285,0,0.0,39.48412698412698,199,305,2021-11-02,fixed N=2 (trailing)
10,5,5,3,834.1999999999825,1455.0,-620.8000000000175,278.06666666666086,406.43999999999505,264,0,0.0,43.65079365079365,220,284,2021-12-02,fixed N=2 (trailing)
10,5,5,4,932.1999999999607,1540.0,-607.8000000000393,233.04999999999018,406.43999999999505,243,0,0.0,47.817460317460316,241,263,2022-01-03,fixed N=2 (trailing)
10,5,5,5,2371.279999999955,1625.0,746.2799999999552,474.25599999999105,1439.0799999999945,222,0,0.0,52.182539682539684,263,241,2022-02-02,fixed N=2 (trailing)
11,5,5,5,2371.279999999955,1575.0,796.2799999999552,474.25599999999105,1439.0799999999945,201,0,0.0,50.3968253968254,254,250,2022-03-04,fixed N=2 (trailing)
11,5,5,5,2371.279999999955,1575.0,796.2799999999552,474.25599999999105,1439.0799999999945,180,0,0.0,48.214285714285715,243,261,2022-04-04,fixed N=2 (trailing)
12,5,5,5,2371.279999999955,1610.0,761.2799999999552,474.25599999999105,1439.0799999999945,159,0,0.0,49.801587301587304,251,253,2022-05-04,fixed N=2 (trailing)
11,4,4,6,2986.8399999999456,1405.0,1581.8399999999456,497.8066666666576,1439.0799999999945,138,0,0.0,45.03968253968254,227,277,2022-06-03,fixed N=2 (trailing)
11,4,4,7,3033.879999999939,1490.0,1543.8799999999392,433.4114285714199,1439.0799999999945,117,0,0.0,49.20634920634921,248,256,2022-07-06,fixed N=2 (trailing)
10,3,3,8,5033.879999999939,1455.0,3578.879999999939,629.2349999999924,2000.0,96,1,12.5,51.19047619047619,258,246,2022-08-04,fixed N=2 (trailing)
10,3,3,9,5450.959999999926,1540.0,3910.9599999999264,605.662222222214,2000.0,75,1,11.11111111111111,55.357142857142854,279,225,2022-09-02,fixed N=2 (trailing)
9,3,3,8,4734.079999999929,1590.0,3144.079999999929,591.7599999999911,2000.0,61,1,12.5,59.92063492063492,302,202,2022-10-04,fixed N=2 (trailing)
12,4,4,6,4616.759999999944,1695.0,2921.759999999944,769.4599999999906,2000.0,278,1,16.666666666666668,55.75396825396825,281,223,2022-11-02,fixed N=2 (trailing)
12,4,4,6,4616.759999999944,1610.0,3006.759999999944,769.4599999999906,2000.0,257,1,16.666666666666668,52.77777777777778,266,238,2022-12-02,fixed N=2 (trailing)
12,4,4,7,5230.439999999937,1695.0,3535.439999999937,747.2057142857053,2000.0,236,1,14.285714285714286,56.94444444444444,287,217,2023-01-04,fixed N=2 (trailing)
11,4,4,8,5523.79999999993,1745.0,3778.79999999993,690.4749999999913,2000.0,215,1,12.5,61.111111111111114,308,196,2023-02-03,fixed N=2 (trailing)
10,3,3,9,6474.599999999926,1710.0,4764.599999999926,719.3999999999918,2000.0,194,1,11.11111111111111,62.1031746031746,313,191,2023-03-07,fixed N=2 (trailing)
9,3,3,10,8226.599999999919,1760.0,6466.5999999999185,822.6599999999919,2000.0,173,1,10.0,66.26984126984127,334,170,2023-04-05,fixed N=2 (trailing)
8,3,3,11,10117.279999999912,1810.0,8307.279999999912,919.7527272727192,2000.0,152,1,9.090909090909092,70.43650793650794,355,149,2023-05-05,fixed N=2 (trailing)
8,3,3,12,11697.359999999906,1895.0,9802.359999999906,974.7799999999921,2000.0,131,1,8.333333333333334,74.60317460317461,376,128,2023-06-06,fixed N=2 (trailing)
9,3,3,12,11697.359999999906,1930.0,9767.359999999906,974.7799999999921,2000.0,110,1,8.333333333333334,75.39682539682539,380,124,2023-07-07,fixed N=2 (trailing)
8,4,4,12,11697.359999999906,1895.0,9802.359999999906,974.7799999999921,2000.0,89,1,8.333333333333334,75.39682539682539,380,124,2023-08-07,fixed N=2 (trailing)
9,4,4,10,10160.279999999933,1675.0,8485.279999999933,1016.0279999999933,2000.0,186,1,10.0,60.11904761904762,303,201,2023-09-06,fixed N=2 (trailing)
9,5,5,10,10160.279999999933,1760.0,8400.279999999933,1016.0279999999933,2000.0,165,1,10.0,62.1031746031746,313,191,2023-10-05,fixed N=2 (trailing)
9,5,5,10,10160.279999999933,1845.0,8315.279999999933,1016.0279999999933,2000.0,144,1,10.0,66.46825396825396,335,169,2023-11-03,fixed N=2 (trailing)
10,5,5,10,10160.279999999933,1880.0,8280.279999999933,1016.0279999999933,2000.0,123,1,10.0,68.05555555555556,343,161,2023-12-05,fixed N=2 (trailing)
11,5,5,10,10160.279999999933,1915.0,8245.279999999933,1016.0279999999933,2000.0,102,1,10.0,69.24603174603175,349,155,2024-01-05,fixed N=2 (trailing)
9,5,5,11,10411.239999999925,1930.0,8481.239999999925,946.4763636363568,2000.0,81,1,9.090909090909092,73.41269841269842,370,134,2024-02-06,fixed N=2 (trailing)
8,5,5,12,12411.239999999925,1980.0,10431.239999999925,1034.2699999999938,2000.0,60,2,16.666666666666668,77.57936507936508,391,113,2024-03-07,fixed N=2 (trailing)
8,5,5,12,12411.239999999925,2065.0,10346.239999999925,1034.2699999999938,2000.0,39,2,16.666666666666668,79.76190476190476,402,102,2024-04-08,fixed N=2 (trailing)
10,6,6,7,8845.47999999996,1710.0,7135.47999999996,1263.6399999999942,2000.0,55,2,28.571428571428573,56.74603174603175,286,218,2024-05-07,fixed N=2 (trailing)
11,6,6,6,6845.47999999996,1745.0,5100.47999999996,1140.9133333333266,2000.0,158,1,16.666666666666668,54.76190476190476,276,228,2024-06-06,fixed N=2 (trailing)
11,6,6,6,6845.47999999996,1745.0,5100.47999999996,1140.9133333333266,2000.0,137,1,16.666666666666668,53.96825396825397,272,232,2024-07-09,fixed N=2 (trailing)
11,6,6,6,6845.47999999996,1745.0,5100.47999999996,1140.9133333333266,2000.0,116,1,16.666666666666668,53.57142857142857,270,234,2024-08-07,fixed N=2 (trailing)
2,2,2,5,5490.2799999999625,1175.0,4315.2799999999625,1098.0559999999925,2000.0,206,1,20.0,50.595238095238095,255,249,2018-01-02,fixed N=2 (fixed stop)
2,2,2,6,6485.79999999993,1770.0,4715.79999999993,1080.966666666655,2000.0,181,2,33.333333333333336,75.9920634920635,383,121,2018-02-01,fixed N=2 (fixed stop)
2,2,2,6,5254.159999999945,1175.0,4079.1599999999453,875.6933333333242,2000.0,167,1,16.666666666666668,52.57936507936508,265,239,2018-03-05,fixed N=2 (fixed stop)
4,2,2,6,5254.159999999945,1330.0,3924.1599999999453,875.6933333333242,2000.0,146,1,16.666666666666668,53.96825396825397,272,232,2018-04-04,fixed N=2 (fixed stop)
4,2,2,5,4180.159999999953,1245.0,2935.1599999999526,836.0319999999905,1112.0799999999945,133,0,0.0,49.007936507936506,247,257,2018-05-03,fixed N=2 (fixed stop)
4,2,2,6,4687.03999999995,1160.0,3527.03999999995,781.173333333325,1616.1599999999962,107,0,0.0,49.20634920634921,248,256,2018-06-04,fixed N=2 (fixed stop)
5,2,2,6,5523.719999999943,1450.0,4073.719999999943,920.6199999999905,2000.0,83,1,16.666666666666668,55.55555555555556,280,224,2018-07-03,fixed N=2 (fixed stop)
6,2,2,5,2954.839999999953,1230.0,1724.8399999999529,590.9679999999905,1154.439999999995,77,0,0.0,47.22222222222222,238,266,2018-08-02,fixed N=2 (fixed stop)
6,3,3,4,2580.8799999999537,1400.0,1180.8799999999537,645.2199999999884,1112.0799999999945,67,0,0.0,50.198412698412696,253,251,2018-08-31,fixed N=2 (fixed stop)
6,3,3,6,3466.199999999946,1400.0,2066.199999999946,577.6999999999911,1154.439999999995,35,0,0.0,53.37301587301587,269,235,2018-10-02,fixed N=2 (fixed stop)
6,3,3,3,1694.2399999999616,1315.0,379.2399999999616,564.7466666666538,994.0799999999945,330,0,0.0,50.3968253968254,254,250,2018-10-31,fixed N=2 (fixed stop)
8,3,3,3,1694.2399999999616,1300.0,394.2399999999616,564.7466666666538,994.0799999999945,309,0,0.0,45.23809523809524,228,276,2018-11-30,fixed N=2 (fixed stop)
8,2,2,3,1694.2399999999616,960.0,734.2399999999616,564.7466666666538,994.0799999999945,288,0,0.0,32.142857142857146,162,342,2019-01-03,fixed N=2 (fixed stop)
8,2,2,3,1694.2399999999616,960.0,734.2399999999616,564.7466666666538,994.0799999999945,267,0,0.0,32.142857142857146,162,342,2019-02-04,fixed N=2 (fixed stop)
8,2,2,3,2453.079999999958,1045.0,1408.079999999958,817.6933333333194,994.0799999999945,246,0,0.0,34.523809523809526,174,330,2019-03-06,fixed N=2 (fixed stop)
8,2,2,2,1505.4399999999878,705.0,800.4399999999878,752.7199999999939,994.0799999999945,370,0,0.0,17.261904761904763,87,417,2019-04-04,fixed N=2 (fixed stop)
8,3,3,2,1505.4399999999878,790.0,715.4399999999878,752.7199999999939,994.0799999999945,349,0,0.0,17.658730158730158,89,415,2019-05-06,fixed N=2 (fixed stop)
8,3,3,4,2583.6799999999566,1130.0,1453.6799999999566,645.9199999999892,994.0799999999945,183,0,0.0,37.301587301587304,188,316,2019-06-05,fixed N=2 (fixed stop)
8,3,3,4,2583.6799999999566,1215.0,1368.6799999999566,645.9199999999892,994.0799999999945,162,0,0.0,41.46825396825397,209,295,2019-07-05,fixed N=2 (fixed stop)
8,3,3,3,2085.2399999999834,1045.0,1040.2399999999834,695.0799999999945,994.0799999999945,286,0,0.0,30.357142857142858,153,351,2019-08-05,fixed N=2 (fixed stop)
9,3,3,3,2085.2399999999834,1080.0,1005.2399999999834,695.0799999999945,994.0799999999945,265,0,0.0,32.142857142857146,162,342,2019-09-04,fixed N=2 (fixed stop)
10,3,3,3,2085.2399999999834,1030.0,1055.2399999999834,695.0799999999945,994.0799999999945,244,0,0.0,29.166666666666668,147,357,2019-10-03,fixed N=2 (fixed stop)
11,3,3,3,2085.2399999999834,1065.0,1020.2399999999834,695.0799999999945,994.0799999999945,223,0,0.0,29.166666666666668,147,357,2019-11-01,fixed N=2 (fixed stop)
12,3,3,3,2085.2399999999834,1100.0,985.2399999999834,695.0799999999945,994.0799999999945,202,0,0.0,29.166666666666668,147,357,2019-12-03,fixed N=2 (fixed stop)
13,3,3,3,2085.2399999999834,1135.0,950.2399999999834,695.0799999999945,994.0799999999945,181,0,0.0,29.166666666666668,147,357,2020-01-03,fixed N=2 (fixed stop)
16,2,2,3,2085.2399999999834,1155.0,930.2399999999834,695.0799999999945,994.0799999999945,160,0,0.0,26.785714285714285,135,369,2020-02-04,fixed N=2 (fixed stop)
18,3,3,3,2085.2399999999834,1310.0,775.2399999999834,695.0799999999945,994.0799999999945,139,0,0.0,27.77777777777778,140,364,2020-03-05,fixed N=2 (fixed stop)
17,4,4,3,2085.2399999999834,1360.0,725.2399999999834,695.0799999999945,994.0799999999945,118,0,0.0,29.96031746031746,151,353,2020-04-03,fixed N=2 (fixed stop)
17,4,4,4,3103.039999999979,1445.0,1658.039999999979,775.7599999999948,1017.7999999999956,97,0,0.0,34.12698412698413,172,332,2020-05-05,fixed N=2 (fixed stop)
18,5,5,4,3103.039999999979,1565.0,1538.039999999979,775.7599999999948,1017.7999999999956,76,0,0.0,36.70634920634921,185,319,2020-06-04,fixed N=2 (fixed stop)
17,5,5,4,3103.039999999979,1615.0,1488.039999999979,775.7599999999948,1017.7999999999956,55,0,0.0,40.87301587301587,206,298,2020-07-06,fixed N=2 (fixed stop)
19,6,6,2,1597.5999999999913,1685.0,-87.40000000000873,798.7999999999956,1017.7999999999956,201,0,0.0,39.682539682539684,200,304,2020-08-04,fixed N=2 (fixed stop)
19,7,7,2,1597.5999999999913,1770.0,-172.40000000000873,798.7999999999956,1017.7999999999956,180,0,0.0,37.5,189,315,2020-09-02,fixed N=2 (fixed stop)
18,5,5,3,1971.7599999999875,1480.0,491.7599999999875,657.2533333333291,1017.7999999999956,159,0,0.0,33.13492063492063,167,337,2020-10-02,fixed N=2 (fixed stop)
20,6,6,3,1971.7599999999875,1635.0,336.7599999999875,657.2533333333291,1017.7999999999956,138,0,0.0,36.30952380952381,183,321,2020-11-02,fixed N=2 (fixed stop)
19,7,7,3,1971.7599999999875,1685.0,286.7599999999875,657.2533333333291,1017.7999999999956,117,0,0.0,34.32539682539682,173,331,2020-12-02,fixed N=2 (fixed stop)
19,7,7,3,1971.7599999999875,1770.0,201.75999999998749,657.2533333333291,1017.7999999999956,96,0,0.0,40.67460317460318,205,299,2021-01-04,fixed N=2 (fixed stop)
20,6,6,3,1971.7599999999875,1720.0,251.75999999998749,657.2533333333291,1017.7999999999956,75,0,0.0,40.07936507936508,202,302,2021-02-03,fixed N=2 (fixed stop)
20,6,6,3,1971.7599999999875,1720.0,251.75999999998749,657.2533333333291,1017.7999999999956,54,0,0.0,40.07936507936508,202,302,2021-03-05,fixed N=2 (fixed stop)
20,6,6,2,1391.9599999999919,1720.0,-328.04000000000815,695.9799999999959,1017.7999999999956,259,0,0.0,39.285714285714285,198,306,2021-04-06,fixed N=2 (fixed stop)
20,5,5,2,1391.9599999999919,1380.0,11.959999999991851,695.9799999999959,1017.7999999999956,238,0,0.0,25.0,126,378,2021-05-05,fixed N=2 (fixed stop)
20,5,5,2,1391.9599999999919,1380.0,11.959999999991851,695.9799999999959,1017.7999999999956,217,0,0.0,25.0,126,378,2021-06-04,fixed N=2 (fixed stop)
21,5,5,2,1391.9599999999919,1415.0,-23.04000000000815,695.9799999999959,1017.7999999999956,196,0,0.0,25.0,126,378,2021-07-06,fixed N=2 (fixed stop)
20,5,5,2,1391.9599999999919,1380.0,11.959999999991851,695.9799999999959,1017.7999999999956,175,0,0.0,25.0,126,378,2021-08-04,fixed N=2 (fixed stop)
21,6,6,2,1391.9599999999919,1500.0,-108.04000000000815,695.9799999999959,1017.7999999999956,154,0,0.0,26.38888888888889,133,371,2021-09-02,fixed N=2 (fixed stop)
20,6,6,2,1391.9599999999919,1550.0,-158.04000000000815,695.9799999999959,1017.7999999999956,133,0,0.0,30.555555555555557,154,350,2021-10-04,fixed N=2 (fixed stop)
19,6,6,2,1391.9599999999919,1600.0,-208.04000000000815,695.9799999999959,1017.7999999999956,112,0,0.0,34.72222222222222,175,329,2021-11-02,fixed N=2 (fixed stop)
17,6,6,3,1926.5599999999758,1615.0,311.55999999997584,642.1866666666587,1017.7999999999956,91,0,0.0,38.888888888888886,196,308,2021-12-02,fixed N=2 (fixed stop)
16,6,6,4,2054.95999999997,1665.0,389.95999999997,513.7399999999925,1017.7999999999956,70,0,0.0,43.05555555555556,217,287,2022-01-03,fixed N=2 (fixed stop)
14,6,6,5,3016.0399999999645,1680.0,1336.0399999999645,603.2079999999929,1017.7999999999956,49,0,0.0,47.22222222222222,238,266,2022-02-02,fixed N=2 (fixed stop)
14,5,5,6,4088.7999999999593,1595.0,2493.7999999999593,681.4666666666599,1786.3999999999942,24,0,0.0,45.43650793650794,229,275,2022-03-04,fixed N=2 (fixed stop)
15,5,5,4,1998.2399999999689,1545.0,453.23999999996886,499.5599999999922,961.0799999999945,116,0,0.0,40.476190476190474,204,300,2022-04-04,fixed N=2 (fixed stop)
15,5,5,4,1998.2399999999689,1545.0,453.23999999996886,499.5599999999922,961.0799999999945,95,0,0.0,40.07936507936508,202,302,2022-05-04,fixed N=2 (fixed stop)
15,5,5,3,1624.0799999999726,1460.0,164.07999999997264,541.3599999999909,961.0799999999945,363,0,0.0,33.92857142857143,171,333,2022-06-03,fixed N=2 (fixed stop)
14,5,5,4,1998.2399999999689,1425.0,573.2399999999689,499.5599999999922,961.0799999999945,53,0,0.0,39.285714285714285,198,306,2022-07-06,fixed N=2 (fixed stop)
14,6,6,3,1624.0799999999726,1510.0,114.07999999997264,541.3599999999909,961.0799999999945,321,0,0.0,40.67460317460318,205,299,2022-08-04,fixed N=2 (fixed stop)
14,5,5,4,2071.1199999999662,1510.0,561.1199999999662,517.7799999999916,961.0799999999945,300,0,0.0,42.06349206349206,212,292,2022-09-02,fixed N=2 (fixed stop)
14,5,5,4,2071.1199999999662,1510.0,561.1199999999662,517.7799999999916,961.0799999999945,279,0,0.0,42.06349206349206,212,292,2022-10-04,fixed N=2 (fixed stop)
14,4,4,4,2071.1199999999662,1340.0,731.1199999999662,517.7799999999916,961.0799999999945,258,0,0.0,35.11904761904762,177,327,2022-11-02,fixed N=2 (fixed stop)
14,5,5,4,2071.1199999999662,1425.0,646.1199999999662,517.7799999999916,961.0799999999945,237,0,0.0,37.1031746031746,187,317,2022-12-02,fixed N=2 (fixed stop)
14,5,5,5,3917.15999999996,1510.0,2407.15999999996,783.431999999992,1846.0399999999936,216,0,0.0,41.26984126984127,208,296,2023-01-04,fixed N=2 (fixed stop)
13,5,5,7,7917.15999999996,1560.0,6357.15999999996,1131.0228571428513,2000.0,195,2,28.571428571428573,45.43650793650794,229,275,2023-02-03,fixed N=2 (fixed stop)
12,6,6,8,9713.479999999945,1780.0,7933.479999999945,1214.1849999999931,2000.0,174,2,25.0,56.74603174603175,286,218,2023-03-07,fixed N=2 (fixed stop)
11,5,5,8,9713.479999999945,1660.0,8053.479999999945,1214.1849999999931,2000.0,153,2,25.0,53.76984126984127,271,233,2023-04-05,fixed N=2 (fixed stop)
11,5,5,8,9713.479999999945,1745.0,7968.479999999945,1214.1849999999931,2000.0,132,2,25.0,57.93650793650794,292,212,2023-05-05,fixed N=2 (fixed stop)
11,5,5,11,24901.799999999974,1830.0,23071.799999999974,2263.7999999999975,13846.00000000003,74,2,18.181818181818183,62.301587301587304,314,190,2023-06-06,fixed N=2 (fixed stop)
12,5,5,11,24901.799999999974,1865.0,23036.799999999974,2263.7999999999975,13846.00000000003,53,2,18.181818181818183,62.5,315,189,2023-07-07,fixed N=2 (fixed stop)
13,6,6,11,24901.799999999974,1985.0,22916.799999999974,2263.7999999999975,13846.00000000003,32,2,18.181818181818183,62.8968253968254,317,187,2023-08-07,fixed N=2 (fixed stop)
14,6,6,6,21935.4,1595.0,20340.4,3655.9,13846.00000000003,236,2,33.333333333333336,45.23809523809524,228,276,2023-09-06,fixed N=2 (fixed stop)
14,6,6,6,21935.4,1595.0,20340.4,3655.9,13846.00000000003,215,2,33.333333333333336,45.23809523809524,228,276,2023-10-05,fixed N=2 (fixed stop)
15,5,5,6,21935.4,1545.0,20390.4,3655.9,13846.00000000003,194,2,33.333333333333336,43.25396825396825,218,286,2023-11-03,fixed N=2 (fixed stop)
16,6,6,6,21935.4,1665.0,20270.4,3655.9,13846.00000000003,173,2,33.333333333333336,44.24603174603175,223,281,2023-12-05,fixed N=2 (fixed stop)
17,7,7,6,21935.4,1785.0,20150.4,3655.9,13846.00000000003,152,2,33.333333333333336,47.023809523809526,237,267,2024-01-05,fixed N=2 (fixed stop)
15,7,7,8,24004.759999999995,1800.0,22204.759999999995,3000.5949999999993,13846.00000000003,131,3,37.5,51.19047619047619,258,246,2024-02-06,fixed N=2 (fixed stop)
14,7,7,8,24004.759999999995,1850.0,22154.759999999995,3000.5949999999993,13846.00000000003,110,3,37.5,55.357142857142854,279,225,2024-03-07,fixed N=2 (fixed stop)
13,7,7,9,25997.559999999983,1900.0,24097.559999999983,2888.6177777777757,13846.00000000003,89,3,33.333333333333336,60.11904761904762,303,201,2024-04-08,fixed N=2 (fixed stop)
12,5,5,10,32636.03999999998,1780.0,30856.03999999998,3263.603999999998,13846.00000000003,66,3,30.0,56.54761904761905,285,219,2024-05-07,fixed N=2 (fixed stop)
14,6,6,10,32136.35999999998,1935.0,30201.35999999998,3213.6359999999977,13846.00000000003,47,3,30.0,57.142857142857146,288,216,2024-06-06,fixed N=2 (fixed stop)
17,7,7,9,31689.319999999985,2040.0,29649.319999999985,3521.035555555554,13846.00000000003,117,3,33.333333333333336,52.57936507936508,265,239,2024-07-09,fixed N=2 (fixed stop)
16,6,6,9,31689.319999999985,1920.0,29769.319999999985,3521.035555555554,13846.00000000003,96,3,33.333333333333336,51.388888888888886,259,245,2024-08-07,fixed N=2 (fixed stop)
12,3,3,6,6785.099999999926,1270.0,5515.099999999926,1130.8499999999876,3802.600000000035,162,1,16.666666666666668,37.8968253968254,191,313,2018-01-02,pct 0.5% (trailing)
11,3,3,6,6785.099999999926,1235.0,5550.099999999926,1130.8499999999876,3802.600000000035,141,1,16.666666666666668,37.8968253968254,191,313,2018-02-01,pct 0.5% (trailing)
10,4,4,6,6785.099999999926,1285.0,5500.099999999926,1130.8499999999876,3802.600000000035,120,1,16.666666666666668,41.07142857142857,207,297,2018-03-05,pct 0.5% (trailing)
11,4,4,6,6785.099999999926,1320.0,5465.099999999926,1130.8499999999876,3802.600000000035,99,1,16.666666666666668,42.46031746031746,214,290,2018-04-04,pct 0.5% (trailing)
12,4,4,6,6785.099999999926,1355.0,5430.099999999926,1130.8499999999876,3802.600000000035,78,1,16.666666666666668,43.45238095238095,219,285,2018-05-03,pct 0.5% (trailing)
10,5,5,6,6785.099999999926,1370.0,5415.099999999926,1130.8499999999876,3802.600000000035,57,1,16.666666666666668,45.23809523809524,228,276,2018-06-04,pct 0.5% (trailing)
10,5,5,6,6785.099999999926,1455.0,5330.099999999926,1130.8499999999876,3802.600000000035,36,1,16.666666666666668,48.41269841269841,244,260,2018-07-03,pct 0.5% (trailing)
11,6,6,2,157.35999999994237,1320.0,-1162.6400000000576,78.67999999997119,138.2399999999834,292,0,0.0,35.317460317460316,178,326,2018-08-02,pct 0.5% (trailing)
11,6,6,2,157.35999999994237,1320.0,-1162.6400000000576,78.67999999997119,138.2399999999834,271,0,0.0,33.92857142857143,171,333,2018-08-31,pct 0.5% (trailing)
11,6,6,2,157.35999999994237,1320.0,-1162.6400000000576,78.67999999997119,138.2399999999834,250,0,0.0,35.91269841269841,181,323,2018-10-02,pct 0.5% (trailing)
11,6,6,2,157.35999999994237,1235.0,-1077.6400000000576,78.67999999997119,138.2399999999834,229,0,0.0,34.32539682539682,173,331,2018-10-31,pct 0.5% (trailing)
12,5,5,2,157.35999999994237,1185.0,-1027.6400000000576,78.67999999997119,138.2399999999834,208,0,0.0,31.150793650793652,157,347,2018-11-30,pct 0.5% (trailing)
13,5,5,2,157.35999999994237,1220.0,-1062.6400000000576,78.67999999997119,138.2399999999834,187,0,0.0,31.150793650793652,157,347,2019-01-03,pct 0.5% (trailing)
14,5,5,2,157.35999999994237,1255.0,-1097.6400000000576,78.67999999997119,138.2399999999834,166,0,0.0,31.150793650793652,157,347,2019-02-04,pct 0.5% (trailing)
13,5,5,2,157.35999999994237,1220.0,-1062.6400000000576,78.67999999997119,138.2399999999834,145,0,0.0,31.150793650793652,157,347,2019-03-06,pct 0.5% (trailing)
13,5,5,2,157.35999999994237,1220.0,-1062.6400000000576,78.67999999997119,138.2399999999834,124,0,0.0,31.150793650793652,157,347,2019-04-04,pct 0.5% (trailing)
12,6,6,2,157.35999999994237,1270.0,-1112.6400000000576,78.67999999997119,138.2399999999834,103,0,0.0,32.142857142857146,162,342,2019-05-06,pct 0.5% (trailing)
11,6,6,3,171.9800000000032,1320.0,-1148.0199999999968,57.326666666667734,138.2399999999834,82,0,0.0,36.30952380952381,183,321,2019-06-05,pct 0.5% (trailing)
11,5,5,3,482.54000000009546,1235.0,-752.4599999999045,160.8466666666985,356.9199999999546,72,0,0.0,33.13492063492063,167,337,2019-07-05,pct 0.5% (trailing)
11,5,5,2,125.62000000014086,1150.0,-1024.3799999998591,62.81000000007043,111.00000000008004,455,0,0.0,26.984126984126984,136,368,2019-08-05,pct 0.5% (trailing)
11,5,5,3,694.5400000002337,1235.0,-540.4599999997663,231.51333333341123,568.9200000000928,434,0,0.0,31.150793650793652,157,347,2019-09-04,pct 0.5% (trailing)
12,4,4,3,694.5400000002337,1185.0,-490.4599999997663,231.51333333341123,568.9200000000928,413,0,0.0,32.73809523809524,165,339,2019-10-03,pct 0.5% (trailing)
13,5,5,3,694.5400000002337,1390.0,-695.4599999997663,231.51333333341123,568.9200000000928,392,0,0.0,37.5,189,315,2019-11-01,pct 0.5% (trailing)
13,5,5,3,694.5400000002337,1390.0,-695.4599999997663,231.51333333341123,568.9200000000928,371,0,0.0,37.1031746031746,187,317,2019-12-03,pct 0.5% (trailing)
13,5,5,3,694.5400000002337,1390.0,-695.4599999997663,231.51333333341123,568.9200000000928,350,0,0.0,37.1031746031746,187,317,2020-01-03,pct 0.5% (trailing)
13,4,4,3,694.5400000002337,1220.0,-525.4599999997663,231.51333333341123,568.9200000000928,329,0,0.0,32.73809523809524,165,339,2020-02-04,pct 0.5% (trailing)
13,4,4,3,694.5400000002337,1220.0,-525.4599999997663,231.51333333341123,568.9200000000928,308,0,0.0,32.73809523809524,165,339,2020-03-05,pct 0.5% (trailing)
12,3,3,3,694.5400000002337,1015.0,-320.4599999997663,231.51333333341123,568.9200000000928,287,0,0.0,27.77777777777778,140,364,2020-04-03,pct 0.5% (trailing)
12,3,3,3,694.5400000002337,1015.0,-320.4599999997663,231.51333333341123,568.9200000000928,266,0,0.0,26.58730158730159,134,370,2020-05-05,pct 0.5% (trailing)
12,3,3,3,694.5400000002337,1015.0,-320.4599999997663,231.51333333341123,568.9200000000928,245,0,0.0,28.174603174603174,142,362,2020-06-04,pct 0.5% (trailing)
10,2,2,4,1421.6800000002477,945.0,476.6800000002477,355.4200000000619,727.140000000014,224,0,0.0,28.76984126984127,145,359,2020-07-06,pct 0.5% (trailing)
11,3,3,5,3421.6800000002477,1235.0,2186.6800000002477,684.3360000000496,2000.0,203,1,20.0,39.88095238095238,201,303,2020-08-04,pct 0.5% (trailing)
12,2,2,5,3421.6800000002477,1185.0,2236.6800000002477,684.3360000000496,2000.0,182,1,20.0,35.317460317460316,178,326,2020-09-02,pct 0.5% (trailing)
11,2,2,5,3421.6800000002477,1150.0,2271.6800000002477,684.3360000000496,2000.0,161,1,20.0,35.317460317460316,178,326,2020-10-02,pct 0.5% (trailing)
10,2,2,5,3421.6800000002477,1115.0,2306.6800000002477,684.3360000000496,2000.0,140,1,20.0,35.317460317460316,178,326,2020-11-02,pct 0.5% (trailing)
8,2,2,5,3421.6800000002477,1045.0,2376.6800000002477,684.3360000000496,2000.0,119,1,20.0,35.317460317460316,178,326,2020-12-02,pct 0.5% (trailing)
7,3,3,6,4083.240000000398,1265.0,2818.240000000398,680.5400000000664,2000.0,96,1,16.666666666666668,42.857142857142854,216,288,2021-01-04,pct 0.5% (trailing)
8,3,3,5,3421.6800000002477,1215.0,2206.6800000002477,684.3360000000496,2000.0,77,1,20.0,40.07936507936508,202,302,2021-02-03,pct 0.5% (trailing)
8,3,3,2,2727.140000000014,1215.0,1512.140000000014,1363.570000000007,2000.0,323,1,50.0,38.095238095238095,192,312,2021-03-05,pct 0.5% (trailing)
8,3,3,2,2727.140000000014,1215.0,1512.140000000014,1363.570000000007,2000.0,302,1,50.0,38.095238095238095,192,312,2021-04-06,pct 0.5% (trailing)
8,3,3,2,2727.140000000014,875.0,1852.140000000014,1363.570000000007,2000.0,281,1,50.0,22.42063492063492,113,391,2021-05-05,pct 0.5% (trailing)
8,3,3,3,3130.020000000113,960.0,2170.020000000113,1043.3400000000377,2000.0,260,1,33.333333333333336,26.58730158730159,134,370,2021-06-04,pct 0.5% (trailing)
9,3,3,3,3130.020000000113,995.0,2135.020000000113,1043.3400000000377,2000.0,239,1,33.333333333333336,27.77777777777778,140,364,2021-07-06,pct 0.5% (trailing)
9,3,3,3,3130.020000000113,995.0,2135.020000000113,1043.3400000000377,2000.0,218,1,33.333333333333336,27.77777777777778,140,364,2021-08-04,pct 0.5% (trailing)
9,4,4,3,3130.020000000113,1080.0,2050.020000000113,1043.3400000000377,2000.0,197,1,33.333333333333336,29.166666666666668,147,357,2021-09-02,pct 0.5% (trailing)
8,4,4,3,3130.020000000113,1130.0,2000.0200000001132,1043.3400000000377,2000.0,176,1,33.333333333333336,33.333333333333336,168,336,2021-10-04,pct 0.5% (trailing)
9,4,4,3,3130.020000000113,1165.0,1965.0200000001132,1043.3400000000377,2000.0,155,1,33.333333333333336,33.73015873015873,170,334,2021-11-02,pct 0.5% (trailing)
8,4,4,3,3130.020000000113,1130.0,2000.0200000001132,1043.3400000000377,2000.0,134,1,33.333333333333336,33.73015873015873,170,334,2021-12-02,pct 0.5% (trailing)
8,4,4,3,3130.020000000113,1130.0,2000.0200000001132,1043.3400000000377,2000.0,113,1,33.333333333333336,33.73015873015873,170,334,2022-01-03,pct 0.5% (trailing)
9,4,4,3,3130.020000000113,1165.0,1965.0200000001132,1043.3400000000377,2000.0,92,1,33.333333333333336,33.73015873015873,170,334,2022-02-02,pct 0.5% (trailing)
9,4,4,3,3130.020000000113,1165.0,1965.0200000001132,1043.3400000000377,2000.0,71,1,33.333333333333336,33.73015873015873,170,334,2022-03-04,pct 0.5% (trailing)
9,4,4,3,3906.0600000001214,1080.0,2826.0600000001214,1302.0200000000405,1979.5,45,0,0.0,33.13492063492063,167,337,2022-04-04,pct 0.5% (trailing)
9,5,5,2,693.3600000001097,1165.0,-471.6399999998903,346.68000000005486,402.88000000009924,36,0,0.0,32.93650793650794,166,338,2022-05-04,pct 0.5% (trailing)
11,5,5,2,1036.840000000091,1065.0,-28.159999999908905,518.4200000000455,633.9599999999919,247,0,0.0,26.38888888888889,133,371,2022-06-03,pct 0.5% (trailing)
11,4,4,3,1861.2000000000844,1065.0,796.2000000000844,620.4000000000282,824.3599999999933,226,0,0.0,28.174603174603174,142,362,2022-07-06,pct 0.5% (trailing)
9,4,4,3,1861.2000000000844,1080.0,781.2000000000844,620.4000000000282,824.3599999999933,205,0,0.0,32.34126984126984,163,341,2022-08-04,pct 0.5% (trailing)
9,4,4,4,2855.8400000000765,1165.0,1690.8400000000765,713.9600000000191,994.6399999999921,184,0,0.0,36.507936507936506,184,320,2022-09-02,pct 0.5% (trailing)
9,4,4,5,3771.7600000000675,1250.0,2521.7600000000675,754.3520000000135,994.6399999999921,163,0,0.0,40.67460317460318,205,299,2022-10-04,pct 0.5% (trailing)
9,4,4,6,4440.76000000006,1335.0,3105.7600000000602,740.1266666666767,994.6399999999921,142,0,0.0,44.84126984126984,226,278,2022-11-02,pct 0.5% (trailing)
8,4,4,7,7706.560000000056,1385.0,6321.560000000056,1100.9371428571508,3265.7999999999956,121,0,0.0,48.611111111111114,245,259,2022-12-02,pct 0.5% (trailing)
8,3,3,8,8819.60000000005,1385.0,7434.6000000000495,1102.4500000000062,3265.7999999999956,100,0,0.0,49.6031746031746,250,254,2023-01-04,pct 0.5% (trailing)
7,3,3,9,10425.040000000045,1435.0,8990.040000000045,1158.3377777777828,3265.7999999999956,79,0,0.0,53.76984126984127,271,233,2023-02-03,pct 0.5% (trailing)
6,3,3,9,10808.55999999994,1485.0,9323.55999999994,1200.9511111111044,3265.7999999999956,312,0,0.0,56.74603174603175,286,218,2023-03-07,pct 0.5% (trailing)
6,3,3,10,13777.239999999932,1570.0,12207.239999999932,1377.7239999999933,3265.7999999999956,291,0,0.0,59.92063492063492,302,202,2023-04-05,pct 0.5% (trailing)
6,2,2,11,16451.559999999925,1485.0,14966.559999999925,1495.5963636363567,3265.7999999999956,270,0,0.0,57.93650793650794,292,212,2023-05-05,pct 0.5% (trailing)
5,2,2,11,16451.559999999925,1535.0,14916.559999999925,1495.5963636363567,3265.7999999999956,249,0,0.0,61.507936507936506,310,194,2023-06-06,pct 0.5% (trailing)
6,2,2,11,16451.559999999925,1655.0,14796.559999999925,1495.5963636363567,3265.7999999999956,228,0,0.0,64.48412698412699,325,179,2023-07-07,pct 0.5% (trailing)
6,2,2,11,16451.559999999925,1655.0,14796.559999999925,1495.5963636363567,3265.7999999999956,207,0,0.0,65.07936507936508,328,176,2023-08-07,pct 0.5% (trailing)
7,1,1,11,16451.559999999925,1520.0,14931.559999999925,1495.5963636363567,3265.7999999999956,186,0,0.0,59.12698412698413,298,206,2023-09-06,pct 0.5% (trailing)
6,1,1,11,16451.559999999925,1485.0,14966.559999999925,1495.5963636363567,3265.7999999999956,165,0,0.0,59.12698412698413,298,206,2023-10-05,pct 0.5% (trailing)
5,1,1,11,16451.559999999925,1450.0,15001.559999999925,1495.5963636363567,3265.7999999999956,144,0,0.0,59.12698412698413,298,206,2023-11-03,pct 0.5% (trailing)
6,2,2,11,16451.559999999925,1570.0,14881.559999999925,1495.5963636363567,3265.7999999999956,123,0,0.0,62.1031746031746,313,191,2023-12-05,pct 0.5% (trailing)
6,1,1,11,16451.559999999925,1485.0,14966.559999999925,1495.5963636363567,3265.7999999999956,102,0,0.0,59.12698412698413,298,206,2024-01-05,pct 0.5% (trailing)
5,2,2,11,16451.559999999925,1535.0,14916.559999999925,1495.5963636363567,3265.7999999999956,81,0,0.0,59.92063492063492,302,202,2024-02-06,pct 0.5% (trailing)
4,2,2,10,14941.359999999928,1500.0,13441.359999999928,1494.1359999999927,3916.0399999999936,87,0,0.0,60.317460317460316,304,200,2024-03-07,pct 0.5% (trailing)
6,2,2,11,16451.559999999925,1655.0,14796.559999999925,1495.5963636363567,3265.7999999999956,39,0,0.0,64.48412698412699,325,179,2024-04-08,pct 0.5% (trailing)
8,3,3,6,9391.319999999956,1385.0,8006.319999999956,1565.2199999999928,3916.0399999999936,141,0,0.0,46.82539682539682,236,268,2024-05-07,pct 0.5% (trailing)
8,3,3,6,9391.319999999956,1300.0,8091.319999999956,1565.2199999999928,3916.0399999999936,120,0,0.0,44.642857142857146,225,279,2024-06-06,pct 0.5% (trailing)
9,3,3,6,9391.319999999956,1335.0,8056.319999999956,1565.2199999999928,3916.0399999999936,99,0,0.0,43.84920634920635,221,283,2024-07-09,pct 0.5% (trailing)
8,2,2,6,9391.319999999956,1215.0,8176.319999999956,1565.2199999999928,3916.0399999999936,78,0,0.0,41.46825396825397,209,295,2024-08-07,pct 0.5% (trailing)
18,6,6,8,11930.38000000002,2160.0,9770.38000000002,1491.2975000000024,4222.78000000005,167,3,37.5,60.714285714285715,306,198,2018-01-02,pct 0.5% (fixed stop)
17,6,6,10,15239.840000000113,2210.0,13029.840000000113,1523.9840000000113,4222.78000000005,146,3,30.0,64.88095238095238,327,177,2018-02-01,pct 0.5% (fixed stop)
15,5,5,10,15239.840000000113,2055.0,13184.840000000113,1523.9840000000113,4222.78000000005,125,3,30.0,64.68253968253968,326,178,2018-03-05,pct 0.5% (fixed stop)
16,4,4,10,15239.840000000113,2005.0,13234.840000000113,1523.9840000000113,4222.78000000005,104,3,30.0,65.67460317460318,331,173,2018-04-04,pct 0.5% (fixed stop)
15,3,3,10,15239.840000000113,1885.0,13354.840000000113,1523.9840000000113,4222.78000000005,83,3,30.0,63.888888888888886,322,182,2018-05-03,pct 0.5% (fixed stop)
14,4,4,10,15239.840000000113,1935.0,13304.840000000113,1523.9840000000113,4222.78000000005,62,3,30.0,66.86507936507937,337,167,2018-06-04,pct 0.5% (fixed stop)
14,4,4,11,15662.540000000168,2020.0,13642.540000000168,1423.867272727288,4222.78000000005,41,3,27.272727272727273,69.44444444444444,350,154,2018-07-03,pct 0.5% (fixed stop)
18,5,5,8,9136.000000000146,1990.0,7146.0000000001455,1142.0000000000182,2945.2000000000553,77,2,25.0,56.54761904761905,285,219,2018-08-02,pct 0.5% (fixed stop)
16,4,4,8,9136.000000000146,1835.0,7301.0000000001455,1142.0000000000182,2945.2000000000553,56,2,25.0,55.357142857142854,279,225,2018-08-31,pct 0.5% (fixed stop)
17,6,6,8,9136.000000000146,2040.0,7096.0000000001455,1142.0000000000182,2945.2000000000553,35,2,25.0,57.34126984126984,289,215,2018-10-02,pct 0.5% (fixed stop)
19,6,6,7,7136.0000000001455,2025.0,5111.0000000001455,1019.4285714285922,2945.2000000000553,64,1,14.285714285714286,53.37301587301587,269,235,2018-10-31,pct 0.5% (fixed stop)
20,5,5,7,7136.0000000001455,1975.0,5161.0000000001455,1019.4285714285922,2945.2000000000553,43,1,14.285714285714286,52.38095238095238,264,240,2018-11-30,pct 0.5% (fixed stop)
19,5,5,7,7136.0000000001455,1940.0,5196.0000000001455,1019.4285714285922,2945.2000000000553,22,1,14.285714285714286,52.38095238095238,264,240,2019-01-03,pct 0.5% (fixed stop)
21,4,4,6,6970.720000000096,1840.0,5130.720000000096,1161.7866666666825,2945.2000000000553,127,1,16.666666666666668,45.23809523809524,228,276,2019-02-04,pct 0.5% (fixed stop)
20,4,4,6,6970.720000000096,1805.0,5165.720000000096,1161.7866666666825,2945.2000000000553,106,1,16.666666666666668,45.23809523809524,228,276,2019-03-06,pct 0.5% (fixed stop)
20,4,4,6,6970.720000000096,1805.0,5165.720000000096,1161.7866666666825,2945.2000000000553,85,1,16.666666666666668,45.23809523809524,228,276,2019-04-04,pct 0.5% (fixed stop)
22,6,6,5,5938.77999999997,1875.0,4063.7799999999697,1187.755999999994,2000.0,61,2,40.0,38.095238095238095,192,312,2019-05-06,pct 0.5% (fixed stop)
21,6,6,5,6132.76000000006,1755.0,4377.76000000006,1226.552000000012,2000.0,59,1,20.0,34.32539682539682,173,331,2019-06-05,pct 0.5% (fixed stop)
25,8,8,4,6006.440000000097,1895.0,4111.440000000097,1501.6100000000242,2000.0,162,2,50.0,33.53174603174603,169,335,2019-07-05,pct 0.5% (fixed stop)
25,7,7,5,6459.660000000222,1895.0,4564.660000000222,1291.9320000000444,2000.0,141,2,40.0,36.30952380952381,183,321,2019-08-05,pct 0.5% (fixed stop)
24,6,6,5,6459.660000000222,1775.0,4684.660000000222,1291.9320000000444,2000.0,120,2,40.0,33.73015873015873,170,334,2019-09-04,pct 0.5% (fixed stop)
26,5,5,5,6459.660000000222,1760.0,4699.660000000222,1291.9320000000444,2000.0,99,2,40.0,32.142857142857146,162,342,2019-10-03,pct 0.5% (fixed stop)
24,5,5,4,4459.660000000222,1690.0,2769.6600000002218,1114.9150000000554,2000.0,151,1,25.0,30.357142857142858,153,351,2019-11-01,pct 0.5% (fixed stop)
25,5,5,4,4459.660000000222,1725.0,2734.6600000002218,1114.9150000000554,2000.0,130,1,25.0,31.547619047619047,159,345,2019-12-03,pct 0.5% (fixed stop)
27,5,5,4,4459.660000000222,1795.0,2664.6600000002218,1114.9150000000554,2000.0,109,1,25.0,31.547619047619047,159,345,2020-01-03,pct 0.5% (fixed stop)
31,5,5,4,4459.660000000222,1850.0,2609.6600000002218,1114.9150000000554,2000.0,88,1,25.0,26.19047619047619,132,372,2020-02-04,pct 0.5% (fixed stop)
32,5,5,4,4459.660000000222,1885.0,2574.6600000002218,1114.9150000000554,2000.0,67,1,25.0,26.38888888888889,133,371,2020-03-05,pct 0.5% (fixed stop)
27,6,6,4,4459.660000000222,1795.0,2664.6600000002218,1114.9150000000554,2000.0,46,1,25.0,28.373015873015873,143,361,2020-04-03,pct 0.5% (fixed stop)
28,7,7,4,5779.94000000025,1915.0,3864.9400000002497,1444.9850000000624,2000.0,258,1,25.0,29.563492063492063,149,355,2020-05-05,pct 0.5% (fixed stop)
31,7,7,4,5779.94000000025,2020.0,3759.9400000002497,1444.9850000000624,2000.0,237,1,25.0,29.563492063492063,149,355,2020-06-04,pct 0.5% (fixed stop)
28,5,5,6,9171.42000000026,2000.0,7171.42000000026,1528.5700000000434,2000.0,58,2,33.333333333333336,38.095238095238095,192,312,2020-07-06,pct 0.5% (fixed stop)
30,8,8,5,7171.42000000026,2155.0,5016.42000000026,1434.284000000052,2000.0,195,1,20.0,34.72222222222222,175,329,2020-08-04,pct 0.5% (fixed stop)
31,9,9,5,7171.42000000026,2275.0,4896.42000000026,1434.284000000052,2000.0,174,1,20.0,37.301587301587304,188,316,2020-09-02,pct 0.5% (fixed stop)
30,7,7,5,7171.42000000026,2155.0,5016.42000000026,1434.284000000052,2000.0,153,1,20.0,37.698412698412696,190,314,2020-10-02,pct 0.5% (fixed stop)
28,7,7,6,8117.040000000248,2170.0,5947.040000000248,1352.8400000000413,2000.0,132,1,16.666666666666668,41.86507936507937,211,293,2020-11-02,pct 0.5% (fixed stop)
25,7,7,7,8414.960000000232,2150.0,6264.960000000232,1202.137142857176,2000.0,111,1,14.285714285714286,46.03174603174603,232,272,2020-12-02,pct 0.5% (fixed stop)
24,7,7,8,8434.960000000217,2200.0,6234.960000000217,1054.3700000000272,2000.0,90,1,12.5,50.198412698412696,253,251,2021-01-04,pct 0.5% (fixed stop)
25,7,7,8,8434.960000000217,2235.0,6199.960000000217,1054.3700000000272,2000.0,69,1,12.5,51.58730158730159,260,244,2021-02-03,pct 0.5% (fixed stop)
27,7,7,8,8434.960000000217,2305.0,6129.960000000217,1054.3700000000272,2000.0,48,1,12.5,51.58730158730159,260,244,2021-03-05,pct 0.5% (fixed stop)
28,7,7,8,8029.480000000214,2340.0,5689.480000000214,1003.6850000000268,1742.9800000000832,29,0,0.0,51.388888888888886,259,245,2021-04-06,pct 0.5% (fixed stop)
30,8,8,5,4398.000000000051,2325.0,2073.000000000051,879.6000000000101,1742.9800000000832,247,0,0.0,46.62698412698413,235,269,2021-05-05,pct 0.5% (fixed stop)
29,7,7,5,4398.000000000051,2120.0,2278.000000000051,879.6000000000101,1742.9800000000832,226,0,0.0,38.29365079365079,193,311,2021-06-04,pct 0.5% (fixed stop)
30,7,7,5,4398.000000000051,2155.0,2243.000000000051,879.6000000000101,1742.9800000000832,205,0,0.0,38.29365079365079,193,311,2021-07-06,pct 0.5% (fixed stop)
30,7,7,5,4398.000000000051,2155.0,2243.000000000051,879.6000000000101,1742.9800000000832,184,0,0.0,38.29365079365079,193,311,2021-08-04,pct 0.5% (fixed stop)
30,8,8,5,4398.000000000051,2240.0,2158.000000000051,879.6000000000101,1742.9800000000832,163,0,0.0,39.88095238095238,201,303,2021-09-02,pct 0.5% (fixed stop)
29,8,8,6,5105.680000000102,2290.0,2815.680000000102,850.9466666666837,1742.9800000000832,142,0,0.0,44.04761904761905,222,282,2021-10-04,pct 0.5% (fixed stop)
28,8,8,7,7105.680000000102,2340.0,4765.680000000102,1015.0971428571575,2000.0,121,1,14.285714285714286,48.214285714285715,243,261,2021-11-02,pct 0.5% (fixed stop)
26,8,8,8,9054.76000000025,2355.0,6699.760000000249,1131.8450000000312,2000.0,100,1,12.5,52.38095238095238,264,240,2021-12-02,pct 0.5% (fixed stop)
25,8,8,9,10282.480000000294,2405.0,7877.480000000294,1142.4977777778104,2000.0,79,1,11.11111111111111,56.54761904761905,285,219,2022-01-03,pct 0.5% (fixed stop)
22,8,8,9,10282.480000000294,2385.0,7897.480000000294,1142.4977777778104,2000.0,58,1,11.11111111111111,60.714285714285715,306,198,2022-02-02,pct 0.5% (fixed stop)
17,5,5,10,15247.220000000278,2040.0,13207.220000000278,1524.7220000000277,3389.3400000000547,76,3,30.0,64.28571428571429,324,180,2022-03-04,pct 0.5% (fixed stop)
17,4,4,10,15247.220000000278,1955.0,13292.220000000278,1524.7220000000277,3389.3400000000547,55,3,30.0,60.91269841269841,307,197,2022-04-04,pct 0.5% (fixed stop)
16,4,4,10,15247.220000000278,1920.0,13327.220000000278,1524.7220000000277,3389.3400000000547,34,3,30.0,61.904761904761905,312,192,2022-05-04,pct 0.5% (fixed stop)
19,4,4,8,7185.300000000192,1855.0,5330.300000000192,898.162500000024,2000.0,88,1,12.5,52.38095238095238,264,240,2022-06-03,pct 0.5% (fixed stop)
17,4,4,9,7741.660000000185,1870.0,5871.660000000185,860.184444444465,2000.0,67,1,11.11111111111111,56.54761904761905,285,219,2022-07-06,pct 0.5% (fixed stop)
16,4,4,9,7741.660000000185,1920.0,5821.660000000185,860.184444444465,2000.0,46,1,11.11111111111111,60.714285714285715,306,198,2022-08-04,pct 0.5% (fixed stop)
21,5,5,7,8478.120000000228,1925.0,6553.120000000228,1211.1600000000326,2000.0,260,2,28.571428571428573,49.20634920634921,248,256,2022-09-02,pct 0.5% (fixed stop)
20,4,4,7,8478.120000000228,1890.0,6588.120000000228,1211.1600000000326,2000.0,239,2,28.571428571428573,52.182539682539684,263,241,2022-10-04,pct 0.5% (fixed stop)
21,4,4,7,8478.120000000228,1925.0,6553.120000000228,1211.1600000000326,2000.0,218,2,28.571428571428573,53.17460317460318,268,236,2022-11-02,pct 0.5% (fixed stop)
18,4,4,7,8478.120000000228,1820.0,6658.120000000228,1211.1600000000326,2000.0,197,2,28.571428571428573,54.76190476190476,276,228,2022-12-02,pct 0.5% (fixed stop)
16,4,4,8,8885.72000000022,1835.0,7050.720000000219,1110.7150000000274,2000.0,176,2,25.0,58.92857142857143,297,207,2023-01-04,pct 0.5% (fixed stop)
14,4,4,9,10885.72000000022,1850.0,9035.72000000022,1209.5244444444688,2000.0,155,3,33.333333333333336,63.095238095238095,318,186,2023-02-03,pct 0.5% (fixed stop)
10,4,4,10,12089.60000000021,1795.0,10294.60000000021,1208.960000000021,2000.0,134,3,30.0,67.06349206349206,338,166,2023-03-07,pct 0.5% (fixed stop)
8,3,3,11,12744.960000000203,1725.0,11019.960000000203,1158.6327272727458,2000.0,113,3,27.272727272727273,68.45238095238095,345,159,2023-04-05,pct 0.5% (fixed stop)
7,3,3,11,12744.960000000203,1775.0,10969.960000000203,1158.6327272727458,2000.0,92,3,27.272727272727273,72.61904761904762,366,138,2023-05-05,pct 0.5% (fixed stop)
7,4,4,11,12744.960000000203,1945.0,10799.960000000203,1158.6327272727458,2000.0,71,3,27.272727272727273,80.15873015873017,404,100,2023-06-06,pct 0.5% (fixed stop)
6,3,3,12,23525.4000000003,1910.0,21615.4000000003,1960.450000000025,10780.440000000097,50,3,25.0,80.95238095238095,408,96,2023-07-07,pct 0.5% (fixed stop)
5,3,3,14,26510.00000000029,1960.0,24550.00000000029,1893.5714285714494,10780.440000000097,29,3,21.428571428571427,85.11904761904762,429,75,2023-08-07,pct 0.5% (fixed stop)
7,4,4,10,20625.520000000048,1775.0,18850.520000000048,2062.5520000000047,10780.440000000097,186,2,20.0,68.65079365079364,346,158,2023-09-06,pct 0.5% (fixed stop)
6,3,3,11,20675.44000000004,1740.0,18935.44000000004,1879.585454545458,10780.440000000097,165,2,18.181818181818183,71.03174603174604,358,146,2023-10-05,pct 0.5% (fixed stop)
5,3,3,12,20825.060000000063,1790.0,19035.060000000063,1735.4216666666719,10780.440000000097,144,2,16.666666666666668,75.1984126984127,379,125,2023-11-03,pct 0.5% (fixed stop)
5,3,3,13,21614.62000000012,1875.0,19739.62000000012,1662.663076923086,10780.440000000097,123,2,15.384615384615385,79.16666666666667,399,105,2023-12-05,pct 0.5% (fixed stop)
5,2,2,15,25877.66000000023,1875.0,24002.66000000023,1725.1773333333485,10780.440000000097,102,2,13.333333333333334,81.34920634920636,410,94,2024-01-05,pct 0.5% (fixed stop)
4,2,2,16,26889.720000000285,1925.0,24964.720000000285,1680.6075000000178,10780.440000000097,81,2,12.5,85.51587301587301,431,73,2024-02-06,pct 0.5% (fixed stop)
3,2,2,17,29129.24000000031,1975.0,27154.24000000031,1713.4847058823711,10780.440000000097,60,2,11.764705882352942,89.68253968253968,452,52,2024-03-07,pct 0.5% (fixed stop)
3,3,3,17,29129.24000000031,2060.0,27069.24000000031,1713.4847058823711,10780.440000000097,39,2,11.764705882352942,91.26984126984127,460,44,2024-04-08,pct 0.5% (fixed stop)
7,4,4,14,26512.280000000326,1945.0,24567.280000000326,1893.734285714309,10780.440000000097,159,1,7.142857142857143,78.96825396825396,398,106,2024-05-07,pct 0.5% (fixed stop)
7,3,3,15,26634.180000000437,1945.0,24689.180000000437,1775.6120000000292,10780.440000000097,138,1,6.666666666666667,78.96825396825396,398,106,2024-06-06,pct 0.5% (fixed stop)
7,3,3,15,26634.180000000437,2030.0,24604.180000000437,1775.6120000000292,10780.440000000097,117,1,6.666666666666667,81.54761904761905,411,93,2024-07-09,pct 0.5% (fixed stop)
5,2,2,16,26770.2000000006,1960.0,24810.2000000006,1673.1375000000376,10780.440000000097,96,1,6.25,84.12698412698413,424,80,2024-08-07,pct 0.5% (fixed stop)
2,2,2,5,2643.1199999999735,1005.0,1638.1199999999735,528.6239999999947,1328.439999999995,213,0,0.0,42.857142857142854,216,288,2018-01-02,walk-forward (out of sample)
2,2,2,4,4066.439999999966,1345.0,2721.439999999966,1016.6099999999915,2000.0,185,1,25.0,56.15079365079365,283,221,2018-02-01,walk-forward (out of sample)
2,2,2,5,2750.519999999953,1175.0,1575.5199999999531,550.1039999999906,909.1199999999953,174,0,0.0,50.3968253968254,254,250,2018-03-05,walk-forward (out of sample)
2,2,2,7,4847.959999999934,1430.0,3417.9599999999336,692.5657142857048,1630.1599999999962,146,0,0.0,59.523809523809526,300,204,2018-04-04,walk-forward (out of sample)
2,2,2,7,4300.839999999938,1345.0,2955.8399999999383,614.4057142857055,1149.3599999999933,133,0,0.0,57.93650793650794,292,212,2018-05-03,walk-forward (out of sample)
2,2,2,8,5352.559999999932,1430.0,3922.559999999932,669.0699999999915,1506.9999999999927,111,0,0.0,62.8968253968254,317,187,2018-06-04,walk-forward (out of sample)
2,2,2,10,6106.679999999913,1685.0,4421.679999999913,610.6679999999913,1630.1599999999962,83,0,0.0,72.22222222222223,364,140,2018-07-03,walk-forward (out of sample)
2,2,2,9,4202.239999999918,1600.0,2602.239999999918,466.91555555554646,1149.3599999999933,88,0,0.0,69.64285714285714,351,153,2018-08-02,walk-forward (out of sample)
2,2,2,10,5463.399999999914,1685.0,3778.399999999914,546.3399999999914,1261.1599999999962,67,0,0.0,73.80952380952381,372,132,2018-08-31,walk-forward (out of sample)
2,2,2,11,7009.799999999908,1770.0,5239.799999999908,637.2545454545372,1546.3999999999942,46,0,0.0,77.97619047619048,393,111,2018-10-02,walk-forward (out of sample)
2,2,2,9,8548.839999999924,1600.0,6948.839999999924,949.8711111111027,2546.1199999999953,326,0,0.0,70.43650793650794,355,149,2018-10-31,walk-forward (out of sample)
3,1,1,9,8548.839999999924,1295.0,7253.839999999924,949.8711111111027,2546.1199999999953,305,0,0.0,57.34126984126984,289,215,2018-11-30,walk-forward (out of sample)
4,1,1,9,8548.839999999924,1330.0,7218.839999999924,949.8711111111027,2546.1199999999953,284,0,0.0,57.34126984126984,289,215,2019-01-03,walk-forward (out of sample)
4,1,1,9,8548.839999999924,1330.0,7218.839999999924,949.8711111111027,2546.1199999999953,263,0,0.0,57.34126984126984,289,215,2019-02-04,walk-forward (out of sample)
4,2,2,9,8934.159999999923,1415.0,7519.1599999999235,992.6844444444359,2546.1199999999953,231,0,0.0,57.93650793650794,292,212,2019-03-06,walk-forward (out of sample)
3,2,2,8,7761.039999999928,1465.0,6296.039999999928,970.129999999991,2214.7599999999948,225,0,0.0,59.523809523809526,300,204,2019-04-04,walk-forward (out of sample)
3,2,2,8,7451.399999999929,1550.0,5901.399999999929,931.4249999999911,2214.7599999999948,204,0,0.0,63.29365079365079,319,185,2019-05-06,walk-forward (out of sample)
3,2,2,11,10727.83999999991,1635.0,9092.83999999991,975.2581818181735,2546.1199999999953,179,1,9.090909090909092,70.23809523809524,354,150,2019-06-05,walk-forward (out of sample)
3,2,2,11,10727.83999999991,1720.0,9007.83999999991,975.2581818181735,2546.1199999999953,158,1,9.090909090909092,74.4047619047619,375,129,2019-07-05,walk-forward (out of sample)
4,2,2,9,9357.879999999932,1500.0,7857.879999999932,1039.7644444444368,2214.7599999999948,164,1,11.11111111111111,62.5,315,189,2019-08-05,walk-forward (out of sample)
4,2,2,9,8771.719999999936,1415.0,7356.719999999936,974.6355555555484,2214.7599999999948,145,1,11.11111111111111,59.92063492063492,302,202,2019-09-04,walk-forward (out of sample)
5,3,3,4,969.7599999999584,1195.0,-225.24000000004162,242.4399999999896,648.439999999995,174,0,0.0,43.25396825396825,218,286,2019-10-03,walk-forward (out of sample)
6,3,3,4,969.7599999999584,1230.0,-260.2400000000416,242.4399999999896,648.439999999995,153,0,0.0,43.25396825396825,218,286,2019-11-01,walk-forward (out of sample)
7,3,3,4,969.7599999999584,1265.0,-295.2400000000416,242.4399999999896,648.439999999995,132,0,0.0,43.25396825396825,218,286,2019-12-03,walk-forward (out of sample)
7,3,3,4,969.7599999999584,1265.0,-295.2400000000416,242.4399999999896,648.439999999995,111,0,0.0,43.25396825396825,218,286,2020-01-03,walk-forward (out of sample)
9,3,3,4,3287.1599999999744,1080.0,2207.1599999999744,821.7899999999936,2000.0,162,1,25.0,34.72222222222222,175,329,2020-02-04,walk-forward (out of sample)
9,2,2,3,925.7599999999802,910.0,15.75999999998021,308.58666666666005,648.439999999995,138,0,0.0,26.38888888888889,133,371,2020-03-05,walk-forward (out of sample)
10,2,2,4,3287.1599999999744,1030.0,2257.1599999999744,821.7899999999936,2000.0,120,1,25.0,32.142857142857146,162,342,2020-04-03,walk-forward (out of sample)
10,3,3,4,3287.1599999999744,1115.0,2172.1599999999744,821.7899999999936,2000.0,99,1,25.0,33.92857142857143,171,333,2020-05-05,walk-forward (out of sample)
11,4,4,4,3287.1599999999744,1235.0,2052.1599999999744,821.7899999999936,2000.0,78,1,25.0,36.507936507936506,184,320,2020-06-04,walk-forward (out of sample)
10,4,4,1,648.439999999995,1115.0,-466.56000000000495,648.439999999995,648.439999999995,222,0,0.0,30.158730158730158,152,352,2020-07-06,walk-forward (out of sample)
11,4,4,1,648.439999999995,1235.0,-586.560000000005,648.439999999995,648.439999999995,201,0,0.0,33.53174603174603,169,335,2020-08-04,walk-forward (out of sample)
11,4,4,1,648.439999999995,1150.0,-501.56000000000495,648.439999999995,648.439999999995,180,0,0.0,31.547619047619047,159,345,2020-09-02,walk-forward (out of sample)
12,4,4,1,648.439999999995,1100.0,-451.56000000000495,648.439999999995,648.439999999995,159,0,0.0,26.984126984126984,136,368,2020-10-02,walk-forward (out of sample)
11,4,4,1,151.15999999999622,1065.0,-913.8400000000038,151.15999999999622,151.15999999999622,138,0,0.0,26.19047619047619,132,372,2020-11-02,walk-forward (out of sample)
10,5,5,2,1853.1999999999898,1200.0,653.1999999999898,926.5999999999949,1726.479999999996,113,0,0.0,30.357142857142858,153,351,2020-12-02,walk-forward (out of sample)
10,5,5,3,2281.2399999999834,1285.0,996.2399999999834,760.4133333333278,1726.479999999996,92,0,0.0,34.72222222222222,175,329,2021-01-04,walk-forward (out of sample)
9,5,5,4,1132.8799999999756,1420.0,-287.12000000002445,283.2199999999939,431.75999999999476,74,0,0.0,44.04761904761905,222,282,2021-02-03,walk-forward (out of sample)
10,5,5,3,834.1999999999825,1370.0,-535.8000000000175,278.06666666666086,406.43999999999505,453,0,0.0,39.48412698412698,199,305,2021-03-05,walk-forward (out of sample)
11,5,5,3,834.1999999999825,1405.0,-570.8000000000175,278.06666666666086,406.43999999999505,432,0,0.0,40.27777777777778,203,301,2021-04-06,walk-forward (out of sample)
11,4,4,3,834.1999999999825,1150.0,-315.80000000001746,278.06666666666086,406.43999999999505,411,0,0.0,29.761904761904763,150,354,2021-05-05,walk-forward (out of sample)
12,4,4,3,834.1999999999825,1185.0,-350.80000000001746,278.06666666666086,406.43999999999505,390,0,0.0,29.761904761904763,150,354,2021-06-04,walk-forward (out of sample)
12,4,4,3,834.1999999999825,1185.0,-350.80000000001746,278.06666666666086,406.43999999999505,369,0,0.0,29.761904761904763,150,354,2021-07-06,walk-forward (out of sample)
13,4,4,3,834.1999999999825,1220.0,-385.80000000001746,278.06666666666086,406.43999999999505,348,0,0.0,29.761904761904763,150,354,2021-08-04,walk-forward (out of sample)
13,5,5,3,834.1999999999825,1305.0,-470.80000000001746,278.06666666666086,406.43999999999505,327,0,0.0,31.150793650793652,157,347,2021-09-02,walk-forward (out of sample)
12,5,5,3,834.1999999999825,1355.0,-520.8000000000175,278.06666666666086,406.43999999999505,306,0,0.0,35.317460317460316,178,326,2021-10-04,walk-forward (out of sample)
11,5,5,3,834.1999999999825,1405.0,-570.8000000000175,278.06666666666086,406.43999999999505,285,0,0.0,39.48412698412698,199,305,2021-11-02,walk-forward (out of sample)
10,5,5,3,834.1999999999825,1455.0,-620.8000000000175,278.06666666666086,406.43999999999505,264,0,0.0,43.65079365079365,220,284,2021-12-02,walk-forward (out of sample)
10,5,5,4,932.1999999999607,1540.0,-607.8000000000393,233.04999999999018,406.43999999999505,243,0,0.0,47.817460317460316,241,263,2022-01-03,walk-forward (out of sample)
10,5,5,4,932.1999999999607,1710.0,-777.8000000000393,233.04999999999018,406.43999999999505,222,0,0.0,53.37301587301587,269,235,2022-02-02,walk-forward (out of sample)
10,5,5,4,932.1999999999607,1625.0,-692.8000000000393,233.04999999999018,406.43999999999505,201,0,0.0,51.58730158730159,260,244,2022-03-04,walk-forward (out of sample)
11,5,5,4,932.1999999999607,1660.0,-727.8000000000393,233.04999999999018,406.43999999999505,180,0,0.0,49.404761904761905,249,255,2022-04-04,walk-forward (out of sample)
12,4,4,4,932.1999999999607,1610.0,-677.8000000000393,233.04999999999018,406.43999999999505,159,0,0.0,48.01587301587302,242,262,2022-05-04,walk-forward (out of sample)
12,3,3,4,932.1999999999607,1355.0,-422.8000000000393,233.04999999999018,406.43999999999505,138,0,0.0,39.08730158730159,197,307,2022-06-03,walk-forward (out of sample)
13,3,3,4,932.1999999999607,1390.0,-457.8000000000393,233.04999999999018,406.43999999999505,117,0,0.0,39.08730158730159,197,307,2022-07-06,walk-forward (out of sample)
13,3,3,4,932.1999999999607,1390.0,-457.8000000000393,233.04999999999018,406.43999999999505,96,0,0.0,38.29365079365079,193,311,2022-08-04,walk-forward (out of sample)
15,3,3,4,932.1999999999607,1460.0,-527.8000000000393,233.04999999999018,406.43999999999505,75,0,0.0,38.29365079365079,193,311,2022-09-02,walk-forward (out of sample)
15,4,4,3,215.31999999996333,1545.0,-1329.6800000000367,71.7733333333211,106.63999999999214,61,0,0.0,38.888888888888886,196,308,2022-10-04,walk-forward (out of sample)
17,5,5,1,97.99999999997817,1615.0,-1517.0000000000218,97.99999999997817,97.99999999997817,278,0,0.0,36.904761904761905,186,318,2022-11-02,walk-forward (out of sample)
17,4,4,3,2202.200000000048,1530.0,672.200000000048,734.0666666666826,2000.0,257,1,33.333333333333336,34.92063492063492,176,328,2022-12-02,walk-forward (out of sample)
17,4,4,4,4202.200000000048,1615.0,2587.200000000048,1050.550000000012,2000.0,236,2,50.0,39.08730158730159,197,307,2023-01-04,walk-forward (out of sample)
16,4,4,5,7744.7000000001935,1665.0,6079.7000000001935,1548.9400000000387,3542.5000000001455,215,2,40.0,43.25396825396825,218,286,2023-02-03,walk-forward (out of sample)
15,3,3,6,11322.900000000278,1630.0,9692.900000000278,1887.1500000000462,3578.2000000000844,194,2,33.333333333333336,44.24603174603175,223,281,2023-03-07,walk-forward (out of sample)
14,3,3,7,11740.500000000342,1680.0,10060.500000000342,1677.2142857143347,3578.2000000000844,173,2,28.571428571428573,48.41269841269841,244,260,2023-04-05,walk-forward (out of sample)
13,3,3,7,11740.500000000342,1730.0,10010.500000000342,1677.2142857143347,3578.2000000000844,152,2,28.571428571428573,52.57936507936508,265,239,2023-05-05,walk-forward (out of sample)
13,3,3,8,13268.800000000418,1815.0,11453.800000000418,1658.6000000000522,3578.2000000000844,131,2,25.0,56.74603174603175,286,218,2023-06-06,walk-forward (out of sample)
12,3,3,9,13578.500000000517,1865.0,11713.500000000517,1508.7222222222797,3578.2000000000844,110,2,22.22222222222222,60.91269841269841,307,197,2023-07-07,walk-forward (out of sample)
11,3,3,10,14571.10000000058,1915.0,12656.10000000058,1457.110000000058,3578.2000000000844,89,2,20.0,65.07936507936508,328,176,2023-08-07,walk-forward (out of sample)
12,3,3,9,14473.100000000602,1610.0,12863.100000000602,1608.122222222289,3578.2000000000844,296,2,22.22222222222222,49.404761904761905,249,255,2023-09-06,walk-forward (out of sample)
13,4,4,9,14473.100000000602,1730.0,12743.100000000602,1608.122222222289,3578.2000000000844,275,2,22.22222222222222,51.19047619047619,258,246,2023-10-05,walk-forward (out of sample)
13,4,4,9,14473.100000000602,1815.0,12658.100000000602,1608.122222222289,3578.2000000000844,254,2,22.22222222222222,55.357142857142854,279,225,2023-11-03,walk-forward (out of sample)
13,4,4,10,14647.500000000728,1900.0,12747.500000000728,1464.7500000000728,3578.2000000000844,233,2,20.0,59.523809523809526,300,204,2023-12-05,walk-forward (out of sample)
14,3,3,10,14647.500000000728,1850.0,12797.500000000728,1464.7500000000728,3578.2000000000844,212,2,20.0,57.73809523809524,291,213,2024-01-05,walk-forward (out of sample)
13,3,3,10,14647.500000000728,1815.0,12832.500000000728,1464.7500000000728,3578.2000000000844,191,2,20.0,57.73809523809524,291,213,2024-02-06,walk-forward (out of sample)
12,4,4,10,14647.500000000728,1865.0,12782.500000000728,1464.7500000000728,3578.2000000000844,170,2,20.0,59.523809523809526,300,204,2024-03-07,walk-forward (out of sample)
12,4,4,10,14647.500000000728,1865.0,12782.500000000728,1464.7500000000728,3578.2000000000844,149,2,20.0,59.523809523809526,300,204,2024-04-08,walk-forward (out of sample)
13,4,4,10,14647.500000000728,1900.0,12747.500000000728,1464.7500000000728,3578.2000000000844,128,2,20.0,59.523809523809526,300,204,2024-05-07,walk-forward (out of sample)
12,4,4,10,14647.500000000728,1865.0,12782.500000000728,1464.7500000000728,3578.2000000000844,107,2,20.0,59.523809523809526,300,204,2024-06-06,walk-forward (out of sample)
13,4,4,10,14647.500000000728,1900.0,12747.500000000728,1464.7500000000728,3578.2000000000844,86,2,20.0,59.523809523809526,300,204,2024-07-09,walk-forward (out of sample)
16,4,4,9,12951.50000000067,1920.0,11031.50000000067,1439.05555555563,3878.4000000001397,76,2,22.22222222222222,55.55555555555556,280,224,2024-08-07,walk-forward (out of sample)
2,2,2,5,2643.1199999999735,1005.0,1638.1199999999735,528.6239999999947,1328.439999999995,213,0,0.0,42.857142857142854,216,288,2018-01-02,holdout: fixed 2 (out of sample)
2,2,2,4,4066.439999999966,1345.0,2721.439999999966,1016.6099999999915,2000.0,185,1,25.0,56.15079365079365,283,221,2018-02-01,holdout: fixed 2 (out of sample)
2,2,2,5,2750.519999999953,1175.0,1575.5199999999531,550.1039999999906,909.1199999999953,174,0,0.0,50.3968253968254,254,250,2018-03-05,holdout: fixed 2 (out of sample)
2,2,2,7,4847.959999999934,1430.0,3417.9599999999336,692.5657142857048,1630.1599999999962,146,0,0.0,59.523809523809526,300,204,2018-04-04,holdout: fixed 2 (out of sample)
2,2,2,7,4300.839999999938,1345.0,2955.8399999999383,614.4057142857055,1149.3599999999933,133,0,0.0,57.93650793650794,292,212,2018-05-03,holdout: fixed 2 (out of sample)
2,2,2,8,5352.559999999932,1430.0,3922.559999999932,669.0699999999915,1506.9999999999927,111,0,0.0,62.8968253968254,317,187,2018-06-04,holdout: fixed 2 (out of sample)
2,2,2,10,6106.679999999913,1685.0,4421.679999999913,610.6679999999913,1630.1599999999962,83,0,0.0,72.22222222222223,364,140,2018-07-03,holdout: fixed 2 (out of sample)
2,2,2,9,4202.239999999918,1600.0,2602.239999999918,466.91555555554646,1149.3599999999933,88,0,0.0,69.64285714285714,351,153,2018-08-02,holdout: fixed 2 (out of sample)
2,2,2,10,5463.399999999914,1685.0,3778.399999999914,546.3399999999914,1261.1599999999962,67,0,0.0,73.80952380952381,372,132,2018-08-31,holdout: fixed 2 (out of sample)
2,2,2,11,7009.799999999908,1770.0,5239.799999999908,637.2545454545372,1546.3999999999942,46,0,0.0,77.97619047619048,393,111,2018-10-02,holdout: fixed 2 (out of sample)
2,2,2,9,8548.839999999924,1600.0,6948.839999999924,949.8711111111027,2546.1199999999953,326,0,0.0,70.43650793650794,355,149,2018-10-31,holdout: fixed 2 (out of sample)
3,1,1,9,8548.839999999924,1295.0,7253.839999999924,949.8711111111027,2546.1199999999953,305,0,0.0,57.34126984126984,289,215,2018-11-30,holdout: fixed 2 (out of sample)
4,1,1,9,8548.839999999924,1330.0,7218.839999999924,949.8711111111027,2546.1199999999953,284,0,0.0,57.34126984126984,289,215,2019-01-03,holdout: fixed 2 (out of sample)
4,1,1,9,8548.839999999924,1330.0,7218.839999999924,949.8711111111027,2546.1199999999953,263,0,0.0,57.34126984126984,289,215,2019-02-04,holdout: fixed 2 (out of sample)
4,2,2,9,8934.159999999923,1415.0,7519.1599999999235,992.6844444444359,2546.1199999999953,231,0,0.0,57.93650793650794,292,212,2019-03-06,holdout: fixed 2 (out of sample)
3,2,2,8,7761.039999999928,1465.0,6296.039999999928,970.129999999991,2214.7599999999948,225,0,0.0,59.523809523809526,300,204,2019-04-04,holdout: fixed 2 (out of sample)
3,2,2,8,7451.399999999929,1550.0,5901.399999999929,931.4249999999911,2214.7599999999948,204,0,0.0,63.29365079365079,319,185,2019-05-06,holdout: fixed 2 (out of sample)
3,2,2,11,10727.83999999991,1635.0,9092.83999999991,975.2581818181735,2546.1199999999953,179,1,9.090909090909092,70.23809523809524,354,150,2019-06-05,holdout: fixed 2 (out of sample)
3,2,2,11,10727.83999999991,1720.0,9007.83999999991,975.2581818181735,2546.1199999999953,158,1,9.090909090909092,74.4047619047619,375,129,2019-07-05,holdout: fixed 2 (out of sample)
4,2,2,9,9357.879999999932,1500.0,7857.879999999932,1039.7644444444368,2214.7599999999948,164,1,11.11111111111111,62.5,315,189,2019-08-05,holdout: fixed 2 (out of sample)
4,2,2,9,8771.719999999936,1415.0,7356.719999999936,974.6355555555484,2214.7599999999948,145,1,11.11111111111111,59.92063492063492,302,202,2019-09-04,holdout: fixed 2 (out of sample)
5,3,3,4,969.7599999999584,1195.0,-225.24000000004162,242.4399999999896,648.439999999995,174,0,0.0,43.25396825396825,218,286,2019-10-03,holdout: fixed 2 (out of sample)
6,3,3,4,969.7599999999584,1230.0,-260.2400000000416,242.4399999999896,648.439999999995,153,0,0.0,43.25396825396825,218,286,2019-11-01,holdout: fixed 2 (out of sample)
7,3,3,4,969.7599999999584,1265.0,-295.2400000000416,242.4399999999896,648.439999999995,132,0,0.0,43.25396825396825,218,286,2019-12-03,holdout: fixed 2 (out of sample)
7,3,3,4,969.7599999999584,1265.0,-295.2400000000416,242.4399999999896,648.439999999995,111,0,0.0,43.25396825396825,218,286,2020-01-03,holdout: fixed 2 (out of sample)
9,3,3,4,3287.1599999999744,1080.0,2207.1599999999744,821.7899999999936,2000.0,162,1,25.0,34.72222222222222,175,329,2020-02-04,holdout: fixed 2 (out of sample)
9,2,2,3,925.7599999999802,910.0,15.75999999998021,308.58666666666005,648.439999999995,138,0,0.0,26.38888888888889,133,371,2020-03-05,holdout: fixed 2 (out of sample)
10,2,2,4,3287.1599999999744,1030.0,2257.1599999999744,821.7899999999936,2000.0,120,1,25.0,32.142857142857146,162,342,2020-04-03,holdout: fixed 2 (out of sample)
10,3,3,4,3287.1599999999744,1115.0,2172.1599999999744,821.7899999999936,2000.0,99,1,25.0,33.92857142857143,171,333,2020-05-05,holdout: fixed 2 (out of sample)
11,4,4,4,3287.1599999999744,1235.0,2052.1599999999744,821.7899999999936,2000.0,78,1,25.0,36.507936507936506,184,320,2020-06-04,holdout: fixed 2 (out of sample)
10,4,4,1,648.439999999995,1115.0,-466.56000000000495,648.439999999995,648.439999999995,222,0,0.0,30.158730158730158,152,352,2020-07-06,holdout: fixed 2 (out of sample)
11,4,4,1,648.439999999995,1235.0,-586.560000000005,648.439999999995,648.439999999995,201,0,0.0,33.53174603174603,169,335,2020-08-04,holdout: fixed 2 (out of sample)
11,4,4,1,648.439999999995,1150.0,-501.56000000000495,648.439999999995,648.439999999995,180,0,0.0,31.547619047619047,159,345,2020-09-02,holdout: fixed 2 (out of sample)
12,4,4,1,648.439999999995,1100.0,-451.56000000000495,648.439999999995,648.439999999995,159,0,0.0,26.984126984126984,136,368,2020-10-02,holdout: fixed 2 (out of sample)
11,4,4,1,151.15999999999622,1065.0,-913.8400000000038,151.15999999999622,151.15999999999622,138,0,0.0,26.19047619047619,132,372,2020-11-02,holdout: fixed 2 (out of sample)
10,5,5,2,1853.1999999999898,1200.0,653.1999999999898,926.5999999999949,1726.479999999996,113,0,0.0,30.357142857142858,153,351,2020-12-02,holdout: fixed 2 (out of sample)
10,5,5,3,2281.2399999999834,1285.0,996.2399999999834,760.4133333333278,1726.479999999996,92,0,0.0,34.72222222222222,175,329,2021-01-04,holdout: fixed 2 (out of sample)
9,5,5,4,1132.8799999999756,1420.0,-287.12000000002445,283.2199999999939,431.75999999999476,74,0,0.0,44.04761904761905,222,282,2021-02-03,holdout: fixed 2 (out of sample)
10,5,5,3,834.1999999999825,1370.0,-535.8000000000175,278.06666666666086,406.43999999999505,453,0,0.0,39.48412698412698,199,305,2021-03-05,holdout: fixed 2 (out of sample)
11,5,5,3,834.1999999999825,1405.0,-570.8000000000175,278.06666666666086,406.43999999999505,432,0,0.0,40.27777777777778,203,301,2021-04-06,holdout: fixed 2 (out of sample)
11,4,4,3,834.1999999999825,1150.0,-315.80000000001746,278.06666666666086,406.43999999999505,411,0,0.0,29.761904761904763,150,354,2021-05-05,holdout: fixed 2 (out of sample)
12,4,4,3,834.1999999999825,1185.0,-350.80000000001746,278.06666666666086,406.43999999999505,390,0,0.0,29.761904761904763,150,354,2021-06-04,holdout: fixed 2 (out of sample)
12,4,4,3,834.1999999999825,1185.0,-350.80000000001746,278.06666666666086,406.43999999999505,369,0,0.0,29.761904761904763,150,354,2021-07-06,holdout: fixed 2 (out of sample)
13,4,4,3,834.1999999999825,1220.0,-385.80000000001746,278.06666666666086,406.43999999999505,348,0,0.0,29.761904761904763,150,354,2021-08-04,holdout: fixed 2 (out of sample)
13,5,5,3,834.1999999999825,1305.0,-470.80000000001746,278.06666666666086,406.43999999999505,327,0,0.0,31.150793650793652,157,347,2021-09-02,holdout: fixed 2 (out of sample)
12,5,5,3,834.1999999999825,1355.0,-520.8000000000175,278.06666666666086,406.43999999999505,306,0,0.0,35.317460317460316,178,326,2021-10-04,holdout: fixed 2 (out of sample)
11,5,5,3,834.1999999999825,1405.0,-570.8000000000175,278.06666666666086,406.43999999999505,285,0,0.0,39.48412698412698,199,305,2021-11-02,holdout: fixed 2 (out of sample)
10,5,5,3,834.1999999999825,1455.0,-620.8000000000175,278.06666666666086,406.43999999999505,264,0,0.0,43.65079365079365,220,284,2021-12-02,holdout: fixed 2 (out of sample)
10,5,5,4,932.1999999999607,1540.0,-607.8000000000393,233.04999999999018,406.43999999999505,243,0,0.0,47.817460317460316,241,263,2022-01-03,holdout: fixed 2 (out of sample)
10,5,5,5,2371.279999999955,1625.0,746.2799999999552,474.25599999999105,1439.0799999999945,222,0,0.0,52.182539682539684,263,241,2022-02-02,holdout: fixed 2 (out of sample)
11,5,5,5,2371.279999999955,1575.0,796.2799999999552,474.25599999999105,1439.0799999999945,201,0,0.0,50.3968253968254,254,250,2022-03-04,holdout: fixed 2 (out of sample)
11,5,5,5,2371.279999999955,1575.0,796.2799999999552,474.25599999999105,1439.0799999999945,180,0,0.0,48.214285714285715,243,261,2022-04-04,holdout: fixed 2 (out of sample)
12,5,5,5,2371.279999999955,1610.0,761.2799999999552,474.25599999999105,1439.0799999999945,159,0,0.0,49.801587301587304,251,253,2022-05-04,holdout: fixed 2 (out of sample)
11,4,4,6,2986.8399999999456,1405.0,1581.8399999999456,497.8066666666576,1439.0799999999945,138,0,0.0,45.03968253968254,227,277,2022-06-03,holdout: fixed 2 (out of sample)
11,4,4,7,3033.879999999939,1490.0,1543.8799999999392,433.4114285714199,1439.0799999999945,117,0,0.0,49.20634920634921,248,256,2022-07-06,holdout: fixed 2 (out of sample)
10,3,3,8,5033.879999999939,1455.0,3578.879999999939,629.2349999999924,2000.0,96,1,12.5,51.19047619047619,258,246,2022-08-04,holdout: fixed 2 (out of sample)
10,3,3,9,5450.959999999926,1540.0,3910.9599999999264,605.662222222214,2000.0,75,1,11.11111111111111,55.357142857142854,279,225,2022-09-02,holdout: fixed 2 (out of sample)
9,3,3,8,4734.079999999929,1590.0,3144.079999999929,591.7599999999911,2000.0,61,1,12.5,59.92063492063492,302,202,2022-10-04,holdout: fixed 2 (out of sample)
12,4,4,6,4616.759999999944,1695.0,2921.759999999944,769.4599999999906,2000.0,278,1,16.666666666666668,55.75396825396825,281,223,2022-11-02,holdout: fixed 2 (out of sample)
12,4,4,6,4616.759999999944,1610.0,3006.759999999944,769.4599999999906,2000.0,257,1,16.666666666666668,52.77777777777778,266,238,2022-12-02,holdout: fixed 2 (out of sample)
12,4,4,7,5230.439999999937,1695.0,3535.439999999937,747.2057142857053,2000.0,236,1,14.285714285714286,56.94444444444444,287,217,2023-01-04,holdout: fixed 2 (out of sample)
11,4,4,8,5523.79999999993,1745.0,3778.79999999993,690.4749999999913,2000.0,215,1,12.5,61.111111111111114,308,196,2023-02-03,holdout: fixed 2 (out of sample)
10,3,3,9,6474.599999999926,1710.0,4764.599999999926,719.3999999999918,2000.0,194,1,11.11111111111111,62.1031746031746,313,191,2023-03-07,holdout: fixed 2 (out of sample)
9,3,3,10,8226.599999999919,1760.0,6466.5999999999185,822.6599999999919,2000.0,173,1,10.0,66.26984126984127,334,170,2023-04-05,holdout: fixed 2 (out of sample)
8,3,3,11,10117.279999999912,1810.0,8307.279999999912,919.7527272727192,2000.0,152,1,9.090909090909092,70.43650793650794,355,149,2023-05-05,holdout: fixed 2 (out of sample)
8,3,3,12,11697.359999999906,1895.0,9802.359999999906,974.7799999999921,2000.0,131,1,8.333333333333334,74.60317460317461,376,128,2023-06-06,holdout: fixed 2 (out of sample)
9,3,3,12,11697.359999999906,1930.0,9767.359999999906,974.7799999999921,2000.0,110,1,8.333333333333334,75.39682539682539,380,124,2023-07-07,holdout: fixed 2 (out of sample)
8,4,4,12,11697.359999999906,1895.0,9802.359999999906,974.7799999999921,2000.0,89,1,8.333333333333334,75.39682539682539,380,124,2023-08-07,holdout: fixed 2 (out of sample)
9,4,4,10,10160.279999999933,1675.0,8485.279999999933,1016.0279999999933,2000.0,186,1,10.0,60.11904761904762,303,201,2023-09-06,holdout: fixed 2 (out of sample)
9,5,5,10,10160.279999999933,1760.0,8400.279999999933,1016.0279999999933,2000.0,165,1,10.0,62.1031746031746,313,191,2023-10-05,holdout: fixed 2 (out of sample)
9,5,5,10,10160.279999999933,1845.0,8315.279999999933,1016.0279999999933,2000.0,144,1,10.0,66.46825396825396,335,169,2023-11-03,holdout: fixed 2 (out of sample)
10,5,5,10,10160.279999999933,1880.0,8280.279999999933,1016.0279999999933,2000.0,123,1,10.0,68.05555555555556,343,161,2023-12-05,holdout: fixed 2 (out of sample)
11,5,5,10,10160.279999999933,1915.0,8245.279999999933,1016.0279999999933,2000.0,102,1,10.0,69.24603174603175,349,155,2024-01-05,holdout: fixed 2 (out of sample)
9,5,5,11,10411.239999999925,1930.0,8481.239999999925,946.4763636363568,2000.0,81,1,9.090909090909092,73.41269841269842,370,134,2024-02-06,holdout: fixed 2 (out of sample)
8,5,5,12,12411.239999999925,1980.0,10431.239999999925,1034.2699999999938,2000.0,60,2,16.666666666666668,77.57936507936508,391,113,2024-03-07,holdout: fixed 2 (out of sample)
8,5,5,12,12411.239999999925,2065.0,10346.239999999925,1034.2699999999938,2000.0,39,2,16.666666666666668,79.76190476190476,402,102,2024-04-08,holdout: fixed 2 (out of sample)
10,6,6,7,8845.47999999996,1710.0,7135.47999999996,1263.6399999999942,2000.0,55,2,28.571428571428573,56.74603174603175,286,218,2024-05-07,holdout: fixed 2 (out of sample)
11,6,6,6,6845.47999999996,1745.0,5100.47999999996,1140.9133333333266,2000.0,158,1,16.666666666666668,54.76190476190476,276,228,2024-06-06,holdout: fixed 2 (out of sample)
11,6,6,6,6845.47999999996,1745.0,5100.47999999996,1140.9133333333266,2000.0,137,1,16.666666666666668,53.96825396825397,272,232,2024-07-09,holdout: fixed 2 (out of sample)
11,6,6,6,6845.47999999996,1745.0,5100.47999999996,1140.9133333333266,2000.0,116,1,16.666666666666668,53.57142857142857,270,234,2024-08-07,holdout: fixed 2 (out of sample)
