evals_bought,evals_passed,funded_accounts,payouts,withdrawn,fees_paid,net_to_trader,avg_payout,largest_payout,first_payout_day,capped_payouts,capped_pct,pct_time_funded,days_funded,days_in_eval,strategy,firm,firm_label,tier,policy,eval_pass_rate,eval_days_to_pass,eval_days_to_bust,strategy_pnl,avg_contracts,funded_med_net,funded_mean_net,funded_med_payouts,funded_survive_pct,max_micros,split
131,33,33,48,71176.1200000013,13000.0,58176.120000001305,1482.8358333333606,10780.440000000097,850,10,20.833333333333332,49.02238594502692,1730,1799,pct 0.5% 固定止损,apex,Apex,50k,immediate,33.575581395348834,16.0,12.0,56006.58,7.144516860300368,0.0,1247.7355862069094,0.0,0.0,100,1.0
119,29,29,59,73437.05277832158,12920.0,60517.05277832158,1244.6958098020602,5785.275000000078,850,3,5.084745762711864,52.42278265797676,1850,1679,pct 0.5% 固定止损,apex,Apex,50k,half_buffer,33.575581395348834,16.0,12.0,56006.58,7.144516860300368,0.0,1247.7355862069094,0.0,0.0,100,1.0
133,32,32,32,75273.40000000002,12815.0,62458.40000000002,2352.2937500000016,9543.279999999948,867,26,81.25,47.09549447435534,1662,1867,pct 0.5% 固定止损,apex,Apex,50k,accumulate,33.575581395348834,16.0,12.0,56006.58,7.144516860300368,0.0,1247.7355862069094,0.0,0.0,100,1.0
96,21,21,25,33145.640000001935,8460.0,24685.640000001935,1325.8256000000774,10780.440000000468,1801,0,0.0,29.696797959761973,1048,2481,pct 0.5% 固定止损,apex,Apex,100k,immediate,25.401459854014597,44.0,19.0,56006.58,7.144516860300368,0.0,1333.634758620697,0.0,0.0,140,1.0
91,19,19,31,42328.61797119276,8625.0,33703.61797119276,1365.439289393315,5610.037500000297,1801,2,6.451612903225806,33.01218475488807,1165,2364,pct 0.5% 固定止损,apex,Apex,100k,half_buffer,25.401459854014597,44.0,19.0,56006.58,7.144516860300368,0.0,1333.634758620697,0.0,0.0,140,1.0
94,20,20,17,41865.74000000159,8475.0,33390.74000000159,2462.6905882353876,9267.160000001139,2208,11,64.70588235294117,30.915273448569,1091,2438,pct 0.5% 固定止损,apex,Apex,100k,accumulate,25.401459854014597,44.0,19.0,56006.58,7.144516860300368,0.0,1333.634758620697,0.0,0.0,140,1.0
45,13,13,16,15854.819999999803,5825.0,10029.819999999803,990.9262499999877,3386.039999999921,907,3,18.75,25.843015018418814,912,2617,pct 0.5% 固定止损,apex,Apex,150k,immediate,31.117824773413897,89.0,42.5,56006.58,7.144516860300368,143.2000000004191,2158.769931034577,1.0,0.0,170,1.0
43,13,13,19,11636.585000000749,6095.0,5541.585000000749,612.4518421053026,2142.6299999998446,907,1,5.2631578947368425,28.931708699348256,1021,2508,pct 0.5% 固定止损,apex,Apex,150k,half_buffer,31.117824773413897,89.0,42.5,56006.58,7.144516860300368,143.2000000004191,2158.769931034577,1.0,0.0,170,1.0
46,13,13,7,14000.0,5605.0,8395.0,2000.0,2000.0,915,7,100.0,24.19948994049306,854,2675,pct 0.5% 固定止损,apex,Apex,150k,accumulate,31.117824773413897,89.0,42.5,56006.58,7.144516860300368,143.2000000004191,2158.769931034577,1.0,0.0,170,1.0
100,10,10,8,8157.582000000109,5488.0,2669.5820000001086,1019.6977500000137,1800.0,1351,2,25.0,4.6755454803060355,165,3364,pct 0.5% 固定止损,topstep,TopStep,50k,immediate,13.106796116504855,18.0,12.0,56006.58,7.144516860300368,55.07999999998429,1063.2514344827616,1.0,0.0,50,0.9
95,8,8,7,5333.413500000049,5145.0,188.41350000004877,761.9162142857213,1561.3019999999958,1351,0,0.0,4.250495891187305,150,3379,pct 0.5% 固定止损,topstep,TopStep,50k,half_buffer,13.106796116504855,18.0,12.0,56006.58,7.144516860300368,55.07999999998429,1063.2514344827616,1.0,0.0,50,0.9
95,9,9,2,3600.0,5243.0,-1643.0,1800.0,1800.0,1760,2,100.0,4.930575233777274,174,3355,pct 0.5% 固定止损,topstep,TopStep,50k,accumulate,13.106796116504855,18.0,12.0,56006.58,7.144516860300368,55.07999999998429,1063.2514344827616,1.0,0.0,50,0.9
73,13,13,21,22452.444000000643,4802.0,17650.444000000643,1069.1640000000307,2700.0,867,2,9.523809523809524,10.739586285066592,379,3150,pct 0.5% 固定止损,topstep,TopStep,100k,immediate,28.134556574923547,50.0,24.0,56006.58,7.144516860300368,888.4259999999078,1501.9783448275962,1.0,0.0,100,0.9
72,13,13,32,24740.314031250695,5047.0,19693.314031250695,773.134813476584,2420.7339374999488,867,0,0.0,15.613488240294702,551,2978,pct 0.5% 固定止损,topstep,TopStep,100k,half_buffer,28.134556574923547,50.0,24.0,56006.58,7.144516860300368,888.4259999999078,1501.9783448275962,1.0,0.0,100,0.9
74,13,13,12,26388.70200000076,4998.0,21390.70200000076,2199.0585000000633,2700.0,869,2,16.666666666666668,12.808160952111079,452,3077,pct 0.5% 固定止损,topstep,TopStep,100k,accumulate,28.134556574923547,50.0,24.0,56006.58,7.144516860300368,888.4259999999078,1501.9783448275962,1.0,0.0,100,0.9
44,11,11,29,43396.218000002715,3871.0,39525.218000002715,1496.4213103449213,4500.0,882,3,10.344827586206897,17.767072825162934,627,2902,pct 0.5% 固定止损,topstep,TopStep,150k,immediate,30.959752321981423,92.0,42.0,56006.58,7.144516860300368,2115.86400000015,2568.0000413793446,2.0,0.0,150,0.9
44,12,12,25,17288.356781250783,4018.0,13270.356781250783,691.5342712500313,2304.1147499999106,882,0,0.0,18.78719183904789,663,2866,pct 0.5% 固定止损,topstep,TopStep,150k,half_buffer,30.959752321981423,92.0,42.0,56006.58,7.144516860300368,2115.86400000015,2568.0000413793446,2.0,0.0,150,0.9
40,10,10,9,18794.376000000982,3283.0,15511.376000000982,2088.2640000001093,2766.8880000001373,882,0,0.0,13.828279965996034,488,3041,pct 0.5% 固定止损,topstep,TopStep,150k,accumulate,30.959752321981423,92.0,42.0,56006.58,7.144516860300368,2115.86400000015,2568.0000413793446,2.0,0.0,150,0.9
199,53,53,37,57905.1900000002,8955.0,48950.1900000002,1565.00513513514,7945.523999999988,842,0,0.0,21.649192405780674,764,2765,pct 0.5% 固定止损,lucid,Lucid (LucidPro),50k,immediate,32.122093023255815,15.0,11.0,56006.58,7.144516860300368,277.0200000000288,967.0327448275904,1.0,0.0,40,0.9
182,49,49,81,53426.304562500205,8190.0,45236.304562500205,659.5840069444471,3972.761999999994,842,0,0.0,26.89147067157835,949,2580,pct 0.5% 固定止损,lucid,Lucid (LucidPro),50k,half_buffer,32.122093023255815,15.0,11.0,56006.58,7.144516860300368,277.0200000000288,967.0327448275904,1.0,0.0,40,0.9
199,52,52,19,57000.88800000018,8955.0,48045.88800000018,3000.0467368421146,7945.523999999988,917,0,0.0,22.15925191272315,782,2747,pct 0.5% 固定止损,lucid,Lucid (LucidPro),50k,accumulate,32.122093023255815,15.0,11.0,56006.58,7.144516860300368,277.0200000000288,967.0327448275904,1.0,0.0,40,0.9
93,22,22,38,45490.50000000075,4185.0,41305.50000000075,1197.1184210526515,4461.281999999984,869,0,0.0,16.01020119013885,565,2964,pct 0.5% 固定止损,lucid,Lucid (LucidPro),100k,immediate,33.43065693430657,46.0,24.0,56006.58,7.144516860300368,977.9400000000577,1511.8188827586246,1.0,0.0,60,0.9
85,21,21,69,37909.69305468826,3825.0,34084.69305468826,549.4158413722938,2595.919500000029,869,0,0.0,17.68206290733919,624,2905,pct 0.5% 固定止损,lucid,Lucid (LucidPro),100k,half_buffer,33.43065693430657,46.0,24.0,56006.58,7.144516860300368,977.9400000000577,1511.8188827586246,1.0,0.0,60,0.9
93,23,23,18,43250.38200000056,4185.0,39065.38200000056,2402.7990000000314,4461.281999999984,869,0,0.0,18.53216208557665,654,2875,pct 0.5% 固定止损,lucid,Lucid (LucidPro),100k,accumulate,33.43065693430657,46.0,24.0,56006.58,7.144516860300368,977.9400000000577,1511.8188827586246,1.0,0.0,60,0.9
46,13,13,24,29786.598000001777,2070.0,27716.598000001777,1241.1082500000743,4734.107999999917,882,0,0.0,15.04675545480306,531,2998,pct 0.5% 固定止损,lucid,Lucid (LucidPro),150k,immediate,32.62839879154078,87.5,42.0,56006.58,7.144516860300368,2160.1079999996555,2660.456606896591,2.0,0.0,100,0.9
44,12,12,48,29865.970354615718,1980.0,27885.970354615718,622.207715721161,3047.608125000063,882,0,0.0,14.933408897704732,527,3002,pct 0.5% 固定止损,lucid,Lucid (LucidPro),150k,half_buffer,32.62839879154078,87.5,42.0,56006.58,7.144516860300368,2160.1079999996555,2660.456606896591,2.0,0.0,100,0.9
41,12,12,11,22973.706000001122,1845.0,21128.706000001122,2088.5187272728294,2766.8880000001373,882,0,0.0,15.670161518843866,553,2976,pct 0.5% 固定止损,lucid,Lucid (LucidPro),150k,accumulate,32.62839879154078,87.5,42.0,56006.58,7.144516860300368,2160.1079999996555,2660.456606896591,2.0,0.0,100,0.9
201,52,52,33,49665.08800000014,12060.0,37605.08800000014,1505.0026666666708,7962.6559999999945,502,0,0.0,16.746953811277983,591,2938,pct 0.5% 固定止损,tpt,Take Profit Trader (PRO),50k,immediate,30.959302325581394,17.0,11.0,57983.72,7.074808727684896,0.0,679.2112551724157,0.0,0.0,20,0.8
186,52,52,38,31957.57450000011,11160.0,20797.57450000011,840.9888026315817,3981.3279999999972,502,0,0.0,21.19580617738736,748,2781,pct 0.5% 固定止损,tpt,Take Profit Trader (PRO),50k,half_buffer,30.959302325581394,17.0,11.0,57983.72,7.074808727684896,0.0,679.2112551724157,0.0,0.0,20,0.8
200,53,53,17,41883.424000000145,12000.0,29883.424000000145,2463.7308235294204,7962.6559999999945,881,0,0.0,17.54037971096628,619,2910,pct 0.5% 固定止损,tpt,Take Profit Trader (PRO),50k,accumulate,30.959302325581394,17.0,11.0,57983.72,7.074808727684896,0.0,679.2112551724157,0.0,0.0,20,0.8
95,24,24,22,22787.200000000572,5700.0,17087.200000000572,1035.7818181818443,2533.5040000000504,1082,0,0.0,11.164635874185322,394,3135,pct 0.5% 固定止损,tpt,Take Profit Trader (PRO),100k,immediate,33.43065693430657,46.0,24.0,56006.58,7.144516860300368,543.359999999986,1202.765351724145,1.0,0.0,40,0.8
87,24,24,33,23192.562000000893,5220.0,17972.562000000893,702.8049090909359,3981.3280000000727,1082,0,0.0,18.022102578634176,636,2893,pct 0.5% 固定止损,tpt,Take Profit Trader (PRO),100k,half_buffer,33.43065693430657,46.0,24.0,56006.58,7.144516860300368,543.359999999986,1202.765351724145,1.0,0.0,40,0.8
94,24,24,11,21373.00800000058,5640.0,15733.00800000058,1943.00072727278,2960.207999999961,1082,0,0.0,13.37489373760272,472,3057,pct 0.5% 固定止损,tpt,Take Profit Trader (PRO),100k,accumulate,33.43065693430657,46.0,24.0,56006.58,7.144516860300368,543.359999999986,1202.765351724145,1.0,0.0,40,0.8
46,14,14,31,20999.184000001733,2760.0,18239.184000001733,677.3930322581205,2459.456000000122,882,0,0.0,19.38226126381411,684,2845,pct 0.5% 固定止损,tpt,Take Profit Trader (PRO),150k,immediate,32.62839879154078,87.5,42.0,56006.58,7.144516860300368,1583.343999999855,2012.4068413793327,1.0,0.0,50,0.8
45,12,12,32,20792.45125000139,2700.0,18092.45125000139,649.7641015625436,1807.9290000000387,882,0,0.0,16.57693397563049,585,2944,pct 0.5% 固定止损,tpt,Take Profit Trader (PRO),150k,half_buffer,32.62839879154078,87.5,42.0,56006.58,7.144516860300368,1583.343999999855,2012.4068413793327,1.0,0.0,50,0.8
43,13,13,9,16573.184000000638,2580.0,13993.184000000638,1841.4648888889596,2459.456000000122,882,0,0.0,18.078775857183338,638,2891,pct 0.5% 固定止损,tpt,Take Profit Trader (PRO),150k,accumulate,32.62839879154078,87.5,42.0,56006.58,7.144516860300368,1583.343999999855,2012.4068413793327,1.0,0.0,50,0.8
79,26,26,23,27061.220000000198,8375.0,18686.220000000198,1176.5747826087043,3802.600000000035,1515,2,8.695652173913043,32.98384811561349,1164,2365,pct 0.5% 移动止损,apex,Apex,50k,immediate,34.104046242774565,25.0,22.5,33348.079999999994,7.144516860300368,0.0,1190.7816551724316,0.0,0.0,100,1.0
70,24,24,38,27091.998433113557,9420.0,17671.998433113557,712.9473271871989,2375.642246093743,1515,0,0.0,42.87333522244262,1513,2016,pct 0.5% 移动止损,apex,Apex,50k,half_buffer,34.104046242774565,25.0,22.5,33348.079999999994,7.144516860300368,0.0,1190.7816551724316,0.0,0.0,100,1.0
76,28,28,11,23128.679999999964,9120.0,14008.679999999964,2102.6072727272694,3128.679999999964,1524,10,90.9090909090909,37.8577500708416,1336,2193,pct 0.5% 移动止损,apex,Apex,50k,accumulate,34.104046242774565,25.0,22.5,33348.079999999994,7.144516860300368,0.0,1190.7816551724316,0.0,0.0,100,1.0
52,14,14,7,8193.040000000663,5645.0,2548.040000000663,1170.4342857143804,2519.320000000531,1571,2,28.571428571428573,22.04590535562482,778,2751,pct 0.5% 移动止损,apex,Apex,100k,immediate,21.73913043478261,72.5,38.5,33348.079999999994,7.144516860300368,0.0,1417.6833103448644,0.0,0.0,140,1.0
50,14,14,13,8020.566171876722,6340.0,1680.5661718767224,616.9666286059017,1964.9000000001397,1571,0,0.0,27.344856899971663,965,2564,pct 0.5% 移动止损,apex,Apex,100k,half_buffer,21.73913043478261,72.5,38.5,33348.079999999994,7.144516860300368,0.0,1417.6833103448644,0.0,0.0,140,1.0
50,14,14,4,8000.0,5490.0,2510.0,2000.0,2000.0,2491,4,100.0,21.932558798526493,774,2755,pct 0.5% 移动止损,apex,Apex,100k,accumulate,21.73913043478261,72.5,38.5,33348.079999999994,7.144516860300368,0.0,1417.6833103448644,0.0,0.0,140,1.0
22,5,5,7,11782.84000000148,3235.0,8547.84000000148,1683.2628571430687,3051.3600000001607,3086,0,0.0,15.953527911589685,563,2966,pct 0.5% 移动止损,apex,Apex,150k,immediate,23.41197822141561,130.0,84.0,33348.079999999994,7.144516860300368,898.540000000241,2390.263586207202,2.0,0.0,170,1.0
22,5,5,9,10332.095156251933,3745.0,6587.095156251933,1148.0105729168815,2439.478750000155,3086,0,0.0,19.38226126381411,684,2845,pct 0.5% 移动止损,apex,Apex,150k,half_buffer,23.41197822141561,130.0,84.0,33348.079999999994,7.144516860300368,898.540000000241,2390.263586207202,2.0,0.0,170,1.0
22,5,5,5,11425.200000001467,3320.0,8105.200000001467,2285.0400000002933,3120.6000000012573,3101,3,60.0,15.981864550864268,564,2965,pct 0.5% 移动止损,apex,Apex,150k,accumulate,23.41197822141561,130.0,84.0,33348.079999999994,7.144516860300368,898.540000000241,2390.263586207202,2.0,0.0,170,1.0
65,12,12,8,7913.50200000013,3969.0,3944.5020000001296,989.1877500000163,1800.0,463,1,12.5,6.007367526211391,212,3317,pct 0.5% 移动止损,topstep,TopStep,50k,immediate,17.0846394984326,24.0,22.0,33348.079999999994,7.144516860300368,598.5900000000119,913.6024137931103,1.0,0.0,50,0.9
61,10,10,9,5813.453250000078,3773.0,2040.4532500000778,645.9392500000087,1440.8572499999996,463,0,0.0,6.97081326154718,246,3283,pct 0.5% 移动止损,topstep,TopStep,50k,half_buffer,17.0846394984326,24.0,22.0,33348.079999999994,7.144516860300368,598.5900000000119,913.6024137931103,1.0,0.0,50,0.9
61,11,11,3,5400.0,3871.0,1529.0,1800.0,1800.0,2460,3,100.0,7.764239161235477,274,3255,pct 0.5% 移动止损,topstep,TopStep,50k,accumulate,17.0846394984326,24.0,22.0,33348.079999999994,7.144516860300368,598.5900000000119,913.6024137931103,1.0,0.0,50,0.9
43,10,10,13,14544.360000000506,3038.0,11506.360000000506,1118.796923076962,2490.911999999994,550,0,0.0,9.011051289317088,318,3211,pct 0.5% 移动止损,topstep,TopStep,100k,immediate,19.508448540706606,73.0,46.5,33348.079999999994,7.144516860300368,1337.4719999999231,1557.2930896551738,1.0,0.0,100,0.9
40,10,10,16,11540.007000000378,3087.0,8453.007000000378,721.2504375000235,1914.2010000000519,550,0,0.0,11.02295267781241,389,3140,pct 0.5% 移动止损,topstep,TopStep,100k,half_buffer,19.508448540706606,73.0,46.5,33348.079999999994,7.144516860300368,1337.4719999999231,1557.2930896551738,1.0,0.0,100,0.9
43,10,10,6,14094.000000000131,3087.0,11007.000000000131,2349.000000000022,2700.0,1090,2,33.333333333333336,8.784358175120431,310,3219,pct 0.5% 移动止损,topstep,TopStep,100k,accumulate,19.508448540706606,73.0,46.5,33348.079999999994,7.144516860300368,1337.4719999999231,1557.2930896551738,1.0,0.0,100,0.9
25,5,5,20,15320.736000001132,2744.0,12576.736000001132,766.0368000000567,2712.420000000094,1245,0,0.0,16.18022102578634,571,2958,pct 0.5% 移动止损,topstep,TopStep,150k,immediate,22.22222222222222,129.0,81.0,33348.079999999994,7.144516860300368,2871.3419999997686,3293.1155172415333,3.0,0.0,150,0.9
24,5,5,25,14924.250140626362,2793.0,12131.250140626362,596.9700056250545,1471.533750000084,1245,0,0.0,17.767072825162934,627,2902,pct 0.5% 移动止损,topstep,TopStep,150k,half_buffer,22.22222222222222,129.0,81.0,33348.079999999994,7.144516860300368,2871.3419999997686,3293.1155172415333,3.0,0.0,150,0.9
22,4,4,7,14165.766000001066,2303.0,11862.766000001066,2023.6808571430095,2243.160000000126,1353,0,0.0,13.998299801643524,494,3035,pct 0.5% 移动止损,topstep,TopStep,150k,accumulate,22.22222222222222,129.0,81.0,33348.079999999994,7.144516860300368,2871.3419999997686,3293.1155172415333,3.0,0.0,150,0.9
112,37,37,24,24254.172000000108,5040.0,19214.172000000108,1010.5905000000045,3191.7779999999984,192,0,0.0,19.098894871068293,674,2855,pct 0.5% 移动止损,lucid,Lucid (LucidPro),50k,immediate,31.457431457431458,24.0,20.0,33348.079999999994,7.144516860300368,641.8439999999836,1003.768510344835,1.0,0.0,40,0.9
109,36,36,49,23483.97281250009,4905.0,18578.97281250009,479.26475127551197,1595.8889999999992,192,0,0.0,21.904222159251912,773,2756,pct 0.5% 移动止损,lucid,Lucid (LucidPro),50k,half_buffer,31.457431457431458,24.0,20.0,33348.079999999994,7.144516860300368,641.8439999999836,1003.768510344835,1.0,0.0,40,0.9
113,36,36,13,29069.31599999997,5085.0,23984.31599999997,2236.1012307692286,3191.7779999999984,1062,0,0.0,23.774440351374327,839,2690,pct 0.5% 移动止损,lucid,Lucid (LucidPro),50k,accumulate,31.457431457431458,24.0,20.0,33348.079999999994,7.144516860300368,641.8439999999836,1003.768510344835,1.0,0.0,40,0.9
39,11,11,18,14225.562000000047,1755.0,12470.562000000047,790.3090000000026,2565.432000000088,550,0,0.0,12.893170869934826,455,3074,pct 0.5% 移动止损,lucid,Lucid (LucidPro),100k,immediate,24.16302765647744,77.5,46.0,33348.079999999994,7.144516860300368,1631.717999999886,1785.5960275862094,1.0,0.0,60,0.9
40,11,11,43,17960.23323193421,1800.0,16160.23323193421,417.67984260312124,1696.0860000000139,550,0,0.0,16.888637007650892,596,2933,pct 0.5% 移动止损,lucid,Lucid (LucidPro),100k,half_buffer,24.16302765647744,77.5,46.0,33348.079999999994,7.144516860300368,1631.717999999886,1785.5960275862094,1.0,0.0,60,0.9
45,12,12,7,16183.098000000198,2025.0,14158.098000000198,2311.871142857171,2791.1520000001433,1090,0,0.0,13.544913573250213,478,3051,pct 0.5% 移动止损,lucid,Lucid (LucidPro),100k,accumulate,24.16302765647744,77.5,46.0,33348.079999999994,7.144516860300368,1631.717999999886,1785.5960275862094,1.0,0.0,60,0.9
25,6,6,22,15676.578000001085,1125.0,14551.578000001085,712.5717272727767,2565.432000000088,1249,0,0.0,16.208557665060923,572,2957,pct 0.5% 移动止损,lucid,Lucid (LucidPro),150k,immediate,22.22222222222222,129.0,81.0,33348.079999999994,7.144516860300368,2706.912000000465,3094.3246344829067,3.0,0.0,100,0.9
24,6,6,38,12942.861952149597,1080.0,11862.861952149597,340.6016303197262,1469.0140664062915,1249,0,0.0,16.548597336355908,584,2945,pct 0.5% 移动止损,lucid,Lucid (LucidPro),150k,half_buffer,22.22222222222222,129.0,81.0,33348.079999999994,7.144516860300368,2706.912000000465,3094.3246344829067,3.0,0.0,100,0.9
22,4,4,7,14165.766000001066,990.0,13175.766000001066,2023.6808571430095,2243.160000000126,1353,0,0.0,13.998299801643524,494,3035,pct 0.5% 移动止损,lucid,Lucid (LucidPro),150k,accumulate,22.22222222222222,129.0,81.0,33348.079999999994,7.144516860300368,2706.912000000465,3094.3246344829067,3.0,0.0,100,0.9
124,39,39,27,23104.080000000115,7440.0,15664.080000000115,855.7066666666709,1832.9119999999996,193,0,0.0,15.018418815528479,530,2999,pct 0.5% 移动止损,tpt,Take Profit Trader (PRO),50k,immediate,31.16883116883117,24.0,20.0,33873.719999999994,7.074808727684896,250.11199999998792,727.6939034482805,1.0,0.0,20,0.8
113,35,35,35,19456.983000000084,6780.0,12676.983000000084,555.9138000000024,1349.1780000000028,193,0,0.0,19.21224142816662,678,2851,pct 0.5% 移动止损,tpt,Take Profit Trader (PRO),50k,half_buffer,31.16883116883117,24.0,20.0,33873.719999999994,7.074808727684896,250.11199999998792,727.6939034482805,1.0,0.0,20,0.8
116,37,37,9,16060.176000000018,6960.0,9100.176000000018,1784.4640000000022,1962.8000000000466,1062,0,0.0,18.163785775007085,641,2888,pct 0.5% 移动止损,tpt,Take Profit Trader (PRO),50k,accumulate,31.16883116883117,24.0,20.0,33873.719999999994,7.074808727684896,250.11199999998792,727.6939034482805,1.0,0.0,20,0.8
48,13,13,18,15117.95200000025,2880.0,12237.95200000025,839.8862222222359,3157.1359999999754,550,0,0.0,11.816378577500709,417,3112,pct 0.5% 移动止损,tpt,Take Profit Trader (PRO),100k,immediate,24.16302765647744,77.5,46.0,33348.079999999994,7.144516860300368,1171.0559999999707,1419.3283310344873,1.0,0.0,40,0.8
44,14,14,24,10877.702000000067,2640.0,8237.702000000067,453.2375833333361,1507.6320000000123,550,0,0.0,16.491924057806745,582,2947,pct 0.5% 移动止损,tpt,Take Profit Trader (PRO),100k,half_buffer,24.16302765647744,77.5,46.0,33348.079999999994,7.144516860300368,1171.0559999999707,1419.3283310344873,1.0,0.0,40,0.8
48,13,13,7,14241.040000000143,2880.0,11361.040000000143,2034.434285714306,2481.024000000127,1090,0,0.0,13.006517427033154,459,3070,pct 0.5% 移动止损,tpt,Take Profit Trader (PRO),100k,accumulate,24.16302765647744,77.5,46.0,33348.079999999994,7.144516860300368,1171.0559999999707,1419.3283310344873,1.0,0.0,40,0.8
24,6,6,21,11955.952000001424,1440.0,10515.952000001424,569.3310476191155,1511.232000000123,1245,0,0.0,15.783508075942192,557,2972,pct 0.5% 移动止损,tpt,Take Profit Trader (PRO),150k,immediate,22.22222222222222,129.0,81.0,33348.079999999994,7.144516860300368,2510.52799999963,2624.3321379311633,3.0,0.0,50,0.8
24,6,6,30,13610.99316406413,1440.0,12170.99316406413,453.699772135471,1232.666750000068,1245,0,0.0,17.99376593935959,635,2894,pct 0.5% 移动止损,tpt,Take Profit Trader (PRO),150k,half_buffer,22.22222222222222,129.0,81.0,33348.079999999994,7.144516860300368,2510.52799999963,2624.3321379311633,3.0,0.0,50,0.8
24,6,6,8,14223.552000000864,1440.0,12783.552000000864,1777.9440000001082,1993.920000000112,1353,0,0.0,14.990082176253896,529,3000,pct 0.5% 移动止损,tpt,Take Profit Trader (PRO),150k,accumulate,22.22222222222222,129.0,81.0,33348.079999999994,7.144516860300368,2510.52799999963,2624.3321379311633,3.0,0.0,50,0.8
77,23,23,45,47534.020000001874,10600.0,36934.020000001874,1056.3115555555971,5509.839999999982,909,3,6.666666666666667,48.62567299518277,1716,1813,pct 0.75% 固定止损,apex,Apex,50k,immediate,36.54676258992806,30.0,23.0,46379.159999999996,4.597903088693681,0.0,1249.7387586207205,0.0,0.0,100,1.0
72,23,23,53,44514.64119102659,10935.0,33579.64119102659,839.8988903967281,2795.1599999999853,909,2,3.7735849056603774,53.1595352791159,1876,1653,pct 0.75% 固定止损,apex,Apex,50k,half_buffer,36.54676258992806,30.0,23.0,46379.159999999996,4.597903088693681,0.0,1249.7387586207205,0.0,0.0,100,1.0
75,22,22,21,47414.76000000135,10870.0,36544.76000000135,2257.8457142857783,5156.239999999991,918,10,47.61904761904762,51.82771323321054,1829,1700,pct 0.75% 固定止损,apex,Apex,50k,accumulate,36.54676258992806,30.0,23.0,46379.159999999996,4.597903088693681,0.0,1249.7387586207205,0.0,0.0,100,1.0
54,15,15,17,22608.240000001446,6565.0,16043.240000001446,1329.8964705883204,5156.239999999991,1306,0,0.0,29.328421649192407,1035,2494,pct 0.75% 固定止损,apex,Apex,100k,immediate,29.154518950437318,74.5,34.0,46379.159999999996,4.597903088693681,0.0,1424.9016551724826,0.0,0.0,140,1.0
53,15,15,21,21059.400781251017,6870.0,14189.400781251017,1002.8286086310009,3276.8324999999895,1306,0,0.0,31.425332955511475,1109,2420,pct 0.75% 固定止损,apex,Apex,100k,half_buffer,29.154518950437318,74.5,34.0,46379.159999999996,4.597903088693681,0.0,1424.9016551724826,0.0,0.0,140,1.0
54,15,15,11,24476.940000000483,6905.0,17571.940000000483,2225.1763636364076,3015.740000000049,1503,6,54.54545454545455,30.971946727118162,1093,2436,pct 0.75% 固定止损,apex,Apex,100k,accumulate,29.154518950437318,74.5,34.0,46379.159999999996,4.597903088693681,0.0,1424.9016551724826,0.0,0.0,140,1.0
23,6,6,23,24345.460000002553,4375.0,19970.460000002553,1058.4982608696762,2820.20000000007,932,0,0.0,23.26438084443185,821,2708,pct 0.75% 固定止损,apex,Apex,150k,immediate,36.37931034482759,141.0,89.0,46379.159999999996,4.597903088693681,1255.0399999972724,3192.2082758623924,2.0,0.6896551724137931,170,1.0
23,6,6,26,21073.04081787342,4545.0,16528.04081787342,810.5015699182085,2161.3638281250605,932,0,0.0,23.632757155001418,834,2695,pct 0.75% 固定止损,apex,Apex,150k,half_buffer,36.37931034482759,141.0,89.0,46379.159999999996,4.597903088693681,1255.0399999972724,3192.2082758623924,2.0,0.6896551724137931,170,1.0
21,5,5,10,20930.280000001076,3880.0,17050.280000001076,2093.0280000001076,2441.380000000063,1631,5,50.0,20.260697081326153,715,2814,pct 0.75% 固定止损,apex,Apex,150k,accumulate,36.37931034482759,141.0,89.0,46379.159999999996,4.597903088693681,1255.0399999972724,3192.2082758623924,2.0,0.6896551724137931,170,1.0
85,16,16,11,8712.84600000012,5243.0,3469.8460000001196,792.0769090909199,1800.0,534,1,9.090909090909092,7.792575800510059,275,3254,pct 0.75% 固定止损,topstep,TopStep,50k,immediate,21.806853582554517,30.0,22.0,46379.159999999996,4.597903088693681,638.0639999999927,937.6665517241515,1.0,0.0,50,0.9
82,14,14,15,9207.183375000126,5096.0,4111.183375000126,613.8122250000084,1367.3070000000062,534,0,0.0,8.784358175120431,310,3219,pct 0.75% 固定止损,topstep,TopStep,50k,half_buffer,21.806853582554517,30.0,22.0,46379.159999999996,4.597903088693681,638.0639999999927,937.6665517241515,1.0,0.0,50,0.9
85,14,14,6,10800.0,5145.0,5655.0,1800.0,1800.0,2027,6,100.0,7.11249645792009,251,3278,pct 0.75% 固定止损,topstep,TopStep,50k,accumulate,21.806853582554517,30.0,22.0,46379.159999999996,4.597903088693681,638.0639999999927,937.6665517241515,1.0,0.0,50,0.9
51,13,13,25,17242.57800000152,4263.0,12979.578000001518,689.7031200000607,2454.9839999999954,883,0,0.0,17.512043071691696,618,2911,pct 0.75% 固定止损,topstep,TopStep,100k,immediate,31.50887573964497,81.0,39.0,46379.159999999996,4.597903088693681,1030.860000000034,1587.6825517241814,1.0,0.0,100,0.9
51,13,13,40,15780.235640626184,4753.0,11027.235640626184,394.5058910156546,1227.4919999999977,883,0,0.0,23.349390762255595,824,2705,pct 0.75% 固定止损,topstep,TopStep,100k,half_buffer,31.50887573964497,81.0,39.0,46379.159999999996,4.597903088693681,1030.860000000034,1587.6825517241814,1.0,0.0,100,0.9
53,13,13,9,18928.926000000887,4312.0,14616.926000000887,2103.2140000000986,2616.8759999998815,909,0,0.0,16.86030036837631,595,2934,pct 0.75% 固定止损,topstep,TopStep,100k,accumulate,31.50887573964497,81.0,39.0,46379.159999999996,4.597903088693681,1030.860000000034,1587.6825517241814,1.0,0.0,100,0.9
27,7,7,35,33753.852000001316,3234.0,30519.852000001316,964.395771428609,3723.264000000176,918,0,0.0,21.30915273448569,752,2777,pct 0.75% 固定止损,topstep,TopStep,150k,immediate,36.08247422680412,140.0,85.0,46379.159999999996,4.597903088693681,2648.141999999952,2978.217310344985,3.0,0.0,150,0.9
27,7,7,47,31397.732950134196,3381.0,28016.732950134196,668.036871279451,2429.4487500001546,918,0,0.0,24.171153301218474,853,2676,pct 0.75% 固定止损,topstep,TopStep,150k,half_buffer,36.08247422680412,140.0,85.0,46379.159999999996,4.597903088693681,2648.141999999952,2978.217310344985,3.0,0.0,150,0.9
26,6,6,17,37201.860000001965,3381.0,33820.860000001965,2188.3447058824686,3723.264000000176,943,0,0.0,23.887786908472656,843,2686,pct 0.75% 固定止损,topstep,TopStep,150k,accumulate,36.08247422680412,140.0,85.0,46379.159999999996,4.597903088693681,2648.141999999952,2978.217310344985,3.0,0.0,150,0.9
115,33,33,55,40457.754000000656,5175.0,35282.754000000656,735.5955272727392,3614.1119999999937,534,0,0.0,22.499291584018135,794,2735,pct 0.75% 固定止损,lucid,Lucid (LucidPro),50k,immediate,32.808022922636106,28.0,20.0,46379.159999999996,4.597903088693681,641.5199999999895,992.9567172413937,1.0,0.0,40,0.9
112,34,34,89,33669.13269287182,5040.0,28629.13269287182,378.3048617176608,1647.6119999999971,534,0,0.0,26.834797393029188,947,2582,pct 0.75% 固定止损,lucid,Lucid (LucidPro),50k,half_buffer,32.808022922636106,28.0,20.0,46379.159999999996,4.597903088693681,641.5199999999895,992.9567172413937,1.0,0.0,40,0.9
115,33,33,14,29934.180000000568,5175.0,24759.180000000568,2138.155714285755,3267.9359999999942,909,0,0.0,20.402380277699066,720,2809,pct 0.75% 固定止损,lucid,Lucid (LucidPro),50k,accumulate,32.808022922636106,28.0,20.0,46379.159999999996,4.597903088693681,641.5199999999895,992.9567172413937,1.0,0.0,40,0.9
54,15,15,42,29705.99400000145,2430.0,27275.99400000145,707.2855714286057,2010.329999999958,882,0,0.0,24.312836497591384,858,2671,pct 0.75% 固定止损,lucid,Lucid (LucidPro),100k,immediate,32.50728862973761,79.0,39.0,46379.159999999996,4.597903088693681,956.753999999998,1557.1356827586771,2.0,0.0,60,0.9
54,17,17,64,23865.642457032725,2430.0,21435.642457032725,372.90066339113616,1418.725125000028,882,0,0.0,27.231510342873335,961,2568,pct 0.75% 固定止损,lucid,Lucid (LucidPro),100k,half_buffer,32.50728862973761,79.0,39.0,46379.159999999996,4.597903088693681,956.753999999998,1557.1356827586771,2.0,0.0,60,0.9
53,14,14,12,25048.242000001323,2385.0,22663.242000001323,2087.35350000011,2616.8759999998815,909,0,0.0,21.19580617738736,748,2781,pct 0.75% 固定止损,lucid,Lucid (LucidPro),100k,accumulate,32.50728862973761,79.0,39.0,46379.159999999996,4.597903088693681,956.753999999998,1557.1356827586771,2.0,0.0,60,0.9
26,7,7,42,36727.43400000135,1170.0,35557.43400000135,874.4627142857464,3614.112000000151,917,0,0.0,23.12269764805894,816,2713,pct 0.75% 固定止损,lucid,Lucid (LucidPro),150k,immediate,36.08247422680412,140.0,85.0,46379.159999999996,4.597903088693681,2602.242000000607,2922.3274344829183,3.0,0.0,100,0.9
27,7,7,76,34325.54665633928,1215.0,33110.54665633928,451.65192968867467,2054.4379804688247,917,0,0.0,23.179370926608104,818,2711,pct 0.75% 固定止损,lucid,Lucid (LucidPro),150k,half_buffer,36.08247422680412,140.0,85.0,46379.159999999996,4.597903088693681,2602.242000000607,2922.3274344829183,3.0,0.0,100,0.9
26,6,6,17,36008.53200000193,1170.0,34838.53200000193,2118.148941176584,3071.0880000001634,943,0,0.0,24.142816661943893,852,2677,pct 0.75% 固定止损,lucid,Lucid (LucidPro),150k,accumulate,36.08247422680412,140.0,85.0,46379.159999999996,4.597903088693681,2602.242000000607,2922.3274344829183,3.0,0.0,100,0.9
121,36,36,37,26532.30400000049,7260.0,19272.30400000049,717.0892972973106,2385.440000000014,534,0,0.0,17.483706432417115,617,2912,pct 0.75% 固定止损,tpt,Take Profit Trader (PRO),50k,immediate,32.808022922636106,28.0,20.0,46379.159999999996,4.597903088693681,399.84000000003147,750.5112275862153,1.0,0.0,20,0.8
120,37,37,45,20155.09300000036,7200.0,12955.093000000361,447.89095555556355,1464.5439999999974,534,0,0.0,20.827429866817795,735,2794,pct 0.75% 固定止损,tpt,Take Profit Trader (PRO),50k,half_buffer,32.808022922636106,28.0,20.0,46379.159999999996,4.597903088693681,399.84000000003147,750.5112275862153,1.0,0.0,20,0.8
120,35,35,12,23461.136000000475,7200.0,16261.136000000475,1955.0946666667062,2904.831999999995,943,0,0.0,18.447152167752904,651,2878,pct 0.75% 固定止损,tpt,Take Profit Trader (PRO),50k,accumulate,32.808022922636106,28.0,20.0,46379.159999999996,4.597903088693681,399.84000000003147,750.5112275862153,1.0,0.0,20,0.8
57,18,18,35,18600.800000001233,3420.0,15180.800000001233,531.4514285714639,1940.6079999999959,883,0,0.0,19.268914706715783,680,2849,pct 0.75% 固定止损,tpt,Take Profit Trader (PRO),100k,immediate,32.50728862973761,79.0,39.0,46379.159999999996,4.597903088693681,747.6479999999749,1266.603586206932,1.0,0.0,40,0.8
55,16,16,49,18806.225523438337,3300.0,15506.225523438337,383.8005208864966,1851.127999999997,883,0,0.0,21.592519127231512,762,2767,pct 0.75% 固定止损,tpt,Take Profit Trader (PRO),100k,half_buffer,32.50728862973761,79.0,39.0,46379.159999999996,4.597903088693681,747.6479999999749,1266.603586206932,1.0,0.0,40,0.8
54,15,15,11,20880.320000000895,3240.0,17640.320000000895,1898.21090909099,2326.111999999895,909,0,0.0,19.070558231793708,673,2856,pct 0.75% 固定止损,tpt,Take Profit Trader (PRO),100k,accumulate,32.50728862973761,79.0,39.0,46379.159999999996,4.597903088693681,747.6479999999749,1266.603586206932,1.0,0.0,40,0.8
28,7,7,27,20854.56000000013,1680.0,19174.56000000013,772.3911111111157,2904.832000000123,917,0,0.0,13.176537262680647,465,3064,pct 0.75% 固定止损,tpt,Take Profit Trader (PRO),150k,immediate,36.08247422680412,140.0,85.0,46379.159999999996,4.597903088693681,2036.4799999997022,2437.420579310431,3.0,0.0,50,0.8
27,7,7,63,31053.371102293833,1620.0,29433.371102293833,492.9106524173624,1852.0100000001257,917,0,0.0,25.134599036554263,887,2642,pct 0.75% 固定止损,tpt,Take Profit Trader (PRO),150k,half_buffer,36.08247422680412,140.0,85.0,46379.159999999996,4.597903088693681,2036.4799999997022,2437.420579310431,3.0,0.0,50,0.8
27,7,7,14,26191.00800000117,1620.0,24571.00800000117,1870.7862857143693,2811.520000000112,943,0,0.0,20.289033720600738,716,2813,pct 0.75% 固定止损,tpt,Take Profit Trader (PRO),150k,accumulate,36.08247422680412,140.0,85.0,46379.159999999996,4.597903088693681,2036.4799999997022,2437.420579310431,3.0,0.0,50,0.8
37,15,15,32,29576.799999999756,6905.0,22671.799999999756,924.2749999999924,2546.1199999999953,1559,4,12.5,35.84584868234627,1265,2264,fixed N=2 移动止损,apex,Apex,50k,immediate,53.7542662116041,65.0,32.0,52562.279999999984,2.0,1088.7599999999948,2633.9707586206446,2.0,18.620689655172416,100,1.0
31,13,13,42,30710.890032100404,7205.0,23505.890032100404,731.211667430962,2000.0,1559,2,4.761904761904762,39.841314820062344,1406,2123,fixed N=2 移动止损,apex,Apex,50k,half_buffer,53.7542662116041,65.0,32.0,52562.279999999984,2.0,1088.7599999999948,2633.9707586206446,2.0,18.620689655172416,100,1.0
36,16,16,12,24000.0,6955.0,17045.0,2000.0,2000.0,1569,12,100.0,34.797393029186736,1228,2301,fixed N=2 移动止损,apex,Apex,50k,accumulate,53.7542662116041,65.0,32.0,52562.279999999984,2.0,1088.7599999999948,2633.9707586206446,2.0,18.620689655172416,100,1.0
28,9,9,14,11027.680000002962,4125.0,6902.680000002962,787.6914285716401,2214.7600000001257,1618,0,0.0,19.240578067441202,679,2850,fixed N=2 移动止损,apex,Apex,100k,immediate,42.05020920502092,114.0,48.0,52562.279999999984,2.0,1843.0800000006566,2838.0179310356125,3.0,20.0,140,1.0
29,10,10,15,7988.019375002288,4500.0,3488.019375002288,532.5346250001526,1848.2612500001342,1618,0,0.0,21.252479455936527,750,2779,fixed N=2 移动止损,apex,Apex,100k,half_buffer,42.05020920502092,114.0,48.0,52562.279999999984,2.0,1843.0800000006566,2838.0179310356125,3.0,20.0,140,1.0
30,9,9,7,14000.0,4450.0,9550.0,2000.0,2000.0,2017,7,100.0,20.714083309719467,731,2798,fixed N=2 移动止损,apex,Apex,100k,accumulate,42.05020920502092,114.0,48.0,52562.279999999984,2.0,1843.0800000006566,2838.0179310356125,3.0,20.0,140,1.0
18,5,5,8,3634.160000002361,3010.0,624.1600000023609,454.2700000002951,1083.4000000001397,2591,0,0.0,15.47180504392179,546,2983,fixed N=2 移动止损,apex,Apex,150k,immediate,49.152542372881356,181.0,77.0,52562.279999999984,2.0,2820.000000003318,3513.1776551738744,5.0,40.0,170,1.0
18,5,5,9,2644.2737500021613,3010.0,-365.72624999783875,293.8081944446846,797.5000000002619,2591,0,0.0,15.47180504392179,546,2983,fixed N=2 移动止损,apex,Apex,150k,half_buffer,49.152542372881356,181.0,77.0,52562.279999999984,2.0,2820.000000003318,3513.1776551738744,5.0,40.0,170,1.0
18,5,5,2,4000.0,2925.0,1075.0,2000.0,2000.0,2611,2,100.0,14.76338906205724,521,3008,fixed N=2 移动止损,apex,Apex,150k,accumulate,49.152542372881356,181.0,77.0,52562.279999999984,2.0,2820.000000003318,3513.1776551738744,5.0,40.0,170,1.0
45,10,10,24,18926.135999999904,3577.0,15349.135999999904,788.5889999999963,1800.0,881,3,12.5,14.281666194389345,504,3025,fixed N=2 移动止损,topstep,TopStep,50k,immediate,36.860670194003525,71.0,37.0,52562.279999999984,2.0,897.2639999999927,1081.9196689655,1.0,0.0,50,0.9
41,10,10,33,18796.16531249987,4116.0,14680.16531249987,569.5807670454504,1497.734999999998,881,0,0.0,22.04590535562482,778,2751,fixed N=2 移动止损,topstep,TopStep,50k,half_buffer,36.860670194003525,71.0,37.0,52562.279999999984,2.0,897.2639999999927,1081.9196689655,1.0,0.0,50,0.9
42,11,11,6,10800.0,3381.0,7419.0,1800.0,1800.0,917,6,100.0,12.978180787758571,458,3071,fixed N=2 移动止损,topstep,TopStep,50k,accumulate,36.860670194003525,71.0,37.0,52562.279999999984,2.0,897.2639999999927,1081.9196689655,1.0,0.0,50,0.9
31,10,10,22,15638.616000002085,2646.0,12992.616000002085,710.8461818182767,2122.3080000001005,1572,0,0.0,12.12808160952111,428,3101,fixed N=2 移动止损,topstep,TopStep,100k,immediate,43.09623430962343,114.5,52.5,52562.279999999984,2.0,2402.1720000001196,2536.260331035367,3.0,8.275862068965518,100,0.9
30,10,10,23,11063.887875001516,2793.0,8270.887875001516,481.0386032609355,1061.1540000000502,1572,0,0.0,13.913289883819779,491,3038,fixed N=2 移动止损,topstep,TopStep,100k,half_buffer,43.09623430962343,114.5,52.5,52562.279999999984,2.0,2402.1720000001196,2536.260331035367,3.0,8.275862068965518,100,0.9
33,11,11,6,12545.460000000756,2793.0,9752.460000000756,2090.910000000126,2700.0,1588,1,16.666666666666668,11.107962595636158,392,3137,fixed N=2 移动止损,topstep,TopStep,100k,accumulate,43.09623430962343,114.5,52.5,52562.279999999984,2.0,2402.1720000001196,2536.260331035367,3.0,8.275862068965518,100,0.9
19,5,5,11,9163.332000001345,1960.0,7203.332000001345,833.0301818183042,2140.3080000001005,2502,0,0.0,10.371209974497024,366,3163,fixed N=2 移动止损,topstep,TopStep,150k,immediate,49.48805460750853,181.0,73.0,52562.279999999984,2.0,4678.452000000339,4469.072524139375,7.0,37.24137931034483,150,0.9
18,5,5,12,6361.07231250123,2009.0,4352.07231250123,530.0893593751025,1108.7415000001026,2502,0,0.0,11.646358741853216,411,3118,fixed N=2 移动止损,topstep,TopStep,150k,half_buffer,49.48805460750853,181.0,73.0,52562.279999999984,2.0,4678.452000000339,4469.072524139375,7.0,37.24137931034483,150,0.9
18,5,5,4,7875.936000001238,1960.0,5915.936000001238,1968.9840000003096,2140.3080000001005,2585,0,0.0,11.334655709832814,400,3129,fixed N=2 移动止损,topstep,TopStep,150k,accumulate,49.48805460750853,181.0,73.0,52562.279999999984,2.0,4678.452000000339,4469.072524139375,7.0,37.24137931034483,150,0.9
61,24,24,49,30581.207999999846,2745.0,27836.207999999846,624.1062857142825,2958.4799999999973,874,0,0.0,23.944460187021818,845,2684,fixed N=2 移动止损,lucid,Lucid (LucidPro),50k,immediate,44.59016393442623,53.0,34.5,52562.279999999984,2.0,1048.1399999999921,1400.430289655151,2.0,0.0,40,0.9
61,24,24,89,29278.13362866197,2745.0,26533.13362866197,328.96779358047155,1803.6719999999984,874,0,0.0,26.778124114480022,945,2584,fixed N=2 移动止损,lucid,Lucid (LucidPro),50k,half_buffer,44.59016393442623,53.0,34.5,52562.279999999984,2.0,1048.1399999999921,1400.430289655151,2.0,0.0,40,0.9
60,24,24,11,22842.97199999991,2700.0,20142.97199999991,2076.63381818181,2746.6919999999977,917,0,0.0,19.438934542363274,686,2843,fixed N=2 移动止损,lucid,Lucid (LucidPro),50k,accumulate,44.59016393442623,53.0,34.5,52562.279999999984,2.0,1048.1399999999921,1400.430289655151,2.0,0.0,40,0.9
31,10,10,24,13792.752000001754,1395.0,12397.752000001754,574.6980000000731,2303.244000000082,1569,0,0.0,13.856616605270615,489,3040,fixed N=2 移动止损,lucid,Lucid (LucidPro),100k,immediate,43.09623430962343,114.5,52.5,52562.279999999984,2.0,2763.684000000428,3243.2578758631103,6.0,15.172413793103448,60,0.9
31,11,11,42,11968.812492189276,1395.0,10573.812492189276,284.9717260045066,1070.1540000000502,1569,0,0.0,16.236894304335507,573,2956,fixed N=2 移动止损,lucid,Lucid (LucidPro),100k,half_buffer,43.09623430962343,114.5,52.5,52562.279999999984,2.0,2763.684000000428,3243.2578758631103,6.0,15.172413793103448,60,0.9
33,11,11,6,12773.088000000795,1485.0,11288.088000000795,2128.8480000001323,2746.692000000057,1588,0,0.0,11.02295267781241,389,3140,fixed N=2 移动止损,lucid,Lucid (LucidPro),100k,accumulate,43.09623430962343,114.5,52.5,52562.279999999984,2.0,2763.684000000428,3243.2578758631103,6.0,15.172413793103448,60,0.9
19,5,5,12,9431.532000001345,855.0,8576.532000001345,785.9610000001122,2140.3080000001005,2502,0,0.0,10.31453669594786,364,3165,fixed N=2 移动止损,lucid,Lucid (LucidPro),150k,immediate,49.48805460750853,181.0,73.0,52562.279999999984,2.0,5059.728000000509,4929.672910346263,9.0,32.41379310344827,100,0.9
19,5,5,26,7882.207325684872,855.0,7027.207325684872,303.1618202186489,1151.622000000041,2502,0,0.0,10.59790308869368,374,3155,fixed N=2 移动止损,lucid,Lucid (LucidPro),150k,half_buffer,49.48805460750853,181.0,73.0,52562.279999999984,2.0,5059.728000000509,4929.672910346263,9.0,32.41379310344827,100,0.9
18,5,5,4,7875.936000001238,810.0,7065.936000001238,1968.9840000003096,2140.3080000001005,2585,0,0.0,11.334655709832814,400,3129,fixed N=2 移动止损,lucid,Lucid (LucidPro),150k,accumulate,49.48805460750853,181.0,73.0,52562.279999999984,2.0,5059.728000000509,4929.672910346263,9.0,32.41379310344827,100,0.9
65,25,25,39,22726.495999999897,3900.0,18826.495999999897,582.7306666666641,1937.2479999999982,877,0,0.0,17.93709266081043,633,2896,fixed N=2 移动止损,tpt,Take Profit Trader (PRO),50k,immediate,44.59016393442623,53.0,34.5,52562.279999999984,2.0,960.7359999999462,1155.1543172413606,2.0,0.0,20,0.8
62,23,23,57,21751.188062499867,3720.0,18031.188062499867,381.59979057017324,1256.456,877,0,0.0,24.822896004533863,876,2653,fixed N=2 移动止损,tpt,Take Profit Trader (PRO),50k,half_buffer,44.59016393442623,53.0,34.5,52562.279999999984,2.0,960.7359999999462,1155.1543172413606,2.0,0.0,20,0.8
61,23,23,10,18818.047999999926,3660.0,15158.047999999926,1881.804799999993,2629.759999999998,917,0,0.0,17.342023236044206,612,2917,fixed N=2 移动止损,tpt,Take Profit Trader (PRO),50k,accumulate,44.59016393442623,53.0,34.5,52562.279999999984,2.0,960.7359999999462,1155.1543172413606,2.0,0.0,20,0.8
33,11,11,24,12210.976000001514,1980.0,10230.976000001514,508.7906666667298,1582.3360000000337,1570,0,0.0,13.856616605270615,489,3040,fixed N=2 移动止损,tpt,Take Profit Trader (PRO),100k,immediate,43.09623430962343,114.5,52.5,52562.279999999984,2.0,2108.4160000010393,2685.0445241388293,5.0,15.862068965517242,40,0.8
31,10,10,28,8787.657625001379,1860.0,6927.657625001379,313.8449151786207,797.0020000000601,1570,0,0.0,13.37489373760272,472,3057,fixed N=2 移动止损,tpt,Take Profit Trader (PRO),100k,half_buffer,43.09623430962343,114.5,52.5,52562.279999999984,2.0,2108.4160000010393,2685.0445241388293,5.0,15.862068965517242,40,0.8
33,10,10,6,11209.024000000722,1980.0,9229.024000000722,1868.170666666787,2441.5040000000504,1588,0,0.0,8.274298668177954,292,3237,fixed N=2 移动止损,tpt,Take Profit Trader (PRO),100k,accumulate,43.09623430962343,114.5,52.5,52562.279999999984,2.0,2108.4160000010393,2685.0445241388293,5.0,15.862068965517242,40,0.8
19,5,5,10,7235.328000001192,1140.0,6095.328000001192,723.5328000001192,2278.848000000045,2502,0,0.0,10.03117030320204,354,3175,fixed N=2 移动止损,tpt,Take Profit Trader (PRO),150k,immediate,49.48805460750853,181.0,73.0,52562.279999999984,2.0,4080.672000000347,3823.917020690858,9.0,32.41379310344827,50,0.8
19,5,5,11,5620.1215000009515,1140.0,4480.1215000009515,510.92013636372286,1151.5780000000727,2502,0,0.0,10.144516860300369,358,3171,fixed N=2 移动止损,tpt,Take Profit Trader (PRO),150k,half_buffer,49.48805460750853,181.0,73.0,52562.279999999984,2.0,4080.672000000347,3823.917020690858,9.0,32.41379310344827,50,0.8
18,5,5,3,5714.624000000722,1080.0,4634.624000000722,1904.8746666669074,2278.848000000045,2585,0,0.0,11.079625956361575,391,3138,fixed N=2 移动止损,tpt,Take Profit Trader (PRO),150k,accumulate,49.48805460750853,181.0,73.0,52562.279999999984,2.0,4080.672000000347,3823.917020690858,9.0,32.41379310344827,50,0.8
17,7,7,25,23771.020000003045,6290.0,17481.020000003045,950.8408000001218,4092.6800000000803,1877,0,0.0,38.31113629923491,1352,2177,fixed N=1 移动止损,apex,Apex,50k,immediate,60.148514851485146,72.0,58.0,37091.640000000014,1.0,27.10000000151922,1051.6700689661386,1.0,52.41379310344828,100,1.0
14,6,6,34,21936.95168194192,6780.0,15156.951681941919,645.2044612335858,2787.897700576854,1877,0,0.0,42.53329555114763,1501,2028,fixed N=1 移动止损,apex,Apex,50k,half_buffer,60.148514851485146,72.0,58.0,37091.640000000014,1.0,27.10000000151922,1051.6700689661386,1.0,52.41379310344828,100,1.0
16,7,7,9,21439.18000000104,6595.0,14844.18000000104,2382.131111111227,3920.160000000091,2027,6,66.66666666666667,41.003117030320205,1447,2082,fixed N=1 移动止损,apex,Apex,50k,accumulate,60.148514851485146,72.0,58.0,37091.640000000014,1.0,27.10000000151922,1051.6700689661386,1.0,52.41379310344828,100,1.0
19,4,4,8,12446.22000000067,2365.0,10081.22000000067,1555.7775000000838,4092.6800000000803,3365,0,0.0,10.937942759988665,386,3143,fixed N=1 移动止损,apex,Apex,100k,immediate,34.96503496503497,103.0,93.0,37091.640000000014,1.0,95.0000000014843,1082.0296551730546,1.0,52.41379310344828,140,1.0
18,4,4,8,9812.678593750607,2500.0,7312.6785937506065,1226.5848242188258,2672.061406250068,3365,0,0.0,11.788041938226126,416,3113,fixed N=1 移动止损,apex,Apex,100k,half_buffer,34.96503496503497,103.0,93.0,37091.640000000014,1.0,95.0000000014843,1082.0296551730546,1.0,52.41379310344828,140,1.0
19,4,4,5,11898.920000000653,2365.0,9533.920000000653,2379.7840000001306,3894.660000000091,3387,3,60.0,10.99461603853783,388,3141,fixed N=1 移动止损,apex,Apex,100k,accumulate,34.96503496503497,103.0,93.0,37091.640000000014,1.0,95.0000000014843,1082.0296551730546,1.0,52.41379310344828,140,1.0
15,1,1,6,8977.500000000437,1120.0,7857.500000000437,1496.2500000000728,4166.70000000007,3393,1,16.666666666666668,3.8537829413431566,136,3393,fixed N=1 移动止损,apex,Apex,150k,immediate,73.6842105263158,186.0,162.0,37091.640000000014,1.0,1878.820000001404,2019.2932413802419,2.0,66.89655172413794,170,1.0
14,1,1,6,6876.173750000322,1170.0,5706.173750000322,1146.028958333387,2633.8462500000605,3393,0,0.0,4.647208841031453,164,3365,fixed N=1 移动止损,apex,Apex,150k,half_buffer,73.6842105263158,186.0,162.0,37091.640000000014,1.0,1878.820000001404,2019.2932413802419,2.0,66.89655172413794,170,1.0
14,1,1,3,6000.0,1170.0,4830.0,2000.0,2000.0,3425,3,100.0,4.647208841031453,164,3365,fixed N=1 移动止损,apex,Apex,150k,accumulate,73.6842105263158,186.0,162.0,37091.640000000014,1.0,1878.820000001404,2019.2932413802419,2.0,66.89655172413794,170,1.0
34,13,13,26,15515.874000001952,3675.0,11840.874000001952,596.7643846154598,1800.0,1588,1,3.8461538461538463,21.479172570133183,758,2771,fixed N=1 移动止损,topstep,TopStep,50k,immediate,42.130750605326874,60.0,42.0,37091.640000000014,1.0,1157.0400000008174,1526.0413655176474,2.0,22.06896551724138,50,0.9
29,11,11,38,16040.799492189515,3773.0,12267.799492189515,422.1263024260399,1156.8532500000344,1588,0,0.0,25.814678379144233,911,2618,fixed N=1 移动止损,topstep,TopStep,50k,half_buffer,42.130750605326874,60.0,42.0,37091.640000000014,1.0,1157.0400000008174,1526.0413655176474,2.0,22.06896551724138,50,0.9
30,11,11,6,10800.0,3724.0,7076.0,1800.0,1800.0,1801,6,100.0,24.08614338339473,850,2679,fixed N=1 移动止损,topstep,TopStep,50k,accumulate,42.130750605326874,60.0,42.0,37091.640000000014,1.0,1157.0400000008174,1526.0413655176474,2.0,22.06896551724138,50,0.9
17,4,4,17,10411.97400000101,1764.0,8647.97400000101,612.4690588235889,2147.0400000000313,2591,0,0.0,10.654576367242845,376,3153,fixed N=1 移动止损,topstep,TopStep,100k,immediate,39.56043956043956,108.0,113.0,37091.640000000014,1.0,1922.7780000004304,2211.6083586213613,3.0,48.275862068965516,100,0.9
16,3,3,26,16204.262717942986,1960.0,14244.262717942986,623.2408737670379,1742.7405129318563,2591,0,0.0,13.856616605270615,489,3040,fixed N=1 移动止损,topstep,TopStep,100k,half_buffer,39.56043956043956,108.0,113.0,37091.640000000014,1.0,1922.7780000004304,2211.6083586213613,3.0,48.275862068965516,100,0.9
17,4,4,4,8020.620000000408,1617.0,6403.620000000408,2005.155000000102,2322.5400000000313,3209,0,0.0,8.557665060923775,302,3227,fixed N=1 移动止损,topstep,TopStep,100k,accumulate,39.56043956043956,108.0,113.0,37091.640000000014,1.0,1922.7780000004304,2211.6083586213613,3.0,48.275862068965516,100,0.9
15,1,1,14,14175.10800000065,1274.0,12901.10800000065,1012.5077142857608,2851.4160000000443,3296,0,0.0,6.064040804760555,214,3315,fixed N=1 移动止损,topstep,TopStep,150k,immediate,68.53146853146853,186.0,137.0,37091.640000000014,1.0,2749.0500000006286,2934.819062069818,5.0,61.37931034482759,150,0.9
15,1,1,16,13124.834597901072,1274.0,11850.834597901072,820.3021623688169,1644.0724335937878,3296,0,0.0,6.064040804760555,214,3315,fixed N=1 移动止损,topstep,TopStep,150k,half_buffer,68.53146853146853,186.0,137.0,37091.640000000014,1.0,2749.0500000006286,2934.819062069818,5.0,61.37931034482759,150,0.9
15,1,1,7,14112.162000000622,1274.0,12838.162000000622,2016.0231428572317,2322.5400000000313,3332,0,0.0,6.1207140833097196,216,3313,fixed N=1 移动止损,topstep,TopStep,150k,accumulate,68.53146853146853,186.0,137.0,37091.640000000014,1.0,2749.0500000006286,2934.819062069818,5.0,61.37931034482759,150,0.9
36,13,13,40,18004.860000002092,1620.0,16384.860000002092,450.1215000000522,2556.0540000000506,1575,0,0.0,21.535845848682346,760,2769,fixed N=1 移动止损,lucid,Lucid (LucidPro),50k,immediate,43.198090692124104,56.0,42.0,37091.640000000014,1.0,1489.0140000015117,1821.5556827591813,6.0,26.20689655172414,40,0.9
34,14,14,77,17032.07318562633,1530.0,15502.07318562633,221.19575565748485,1369.5198750000272,1575,0,0.0,24.907905922357607,879,2650,fixed N=1 移动止损,lucid,Lucid (LucidPro),50k,half_buffer,43.198090692124104,56.0,42.0,37091.640000000014,1.0,1489.0140000015117,1821.5556827591813,6.0,26.20689655172414,40,0.9
33,12,12,6,12171.024000001245,1485.0,10686.024000001245,2028.5040000002075,2294.4780000001165,1801,0,0.0,23.746103712099746,838,2691,fixed N=1 移动止损,lucid,Lucid (LucidPro),50k,accumulate,43.198090692124104,56.0,42.0,37091.640000000014,1.0,1489.0140000015117,1821.5556827591813,6.0,26.20689655172414,40,0.9
17,4,4,20,9756.630000001005,765.0,8991.630000001005,487.83150000005037,2296.0260000000126,2591,0,0.0,11.079625956361575,391,3138,fixed N=1 移动止损,lucid,Lucid (LucidPro),100k,immediate,39.56043956043956,108.0,113.0,37091.640000000014,1.0,2190.2760000006415,2406.309393104253,9.0,46.206896551724135,60,0.9
18,4,4,36,12506.47377922842,810.0,11696.47377922842,347.40204942301165,1381.9976718750347,2591,0,0.0,12.241428166619439,432,3097,fixed N=1 移动止损,lucid,Lucid (LucidPro),100k,half_buffer,39.56043956043956,108.0,113.0,37091.640000000014,1.0,2190.2760000006415,2406.309393104253,9.0,46.206896551724135,60,0.9
18,5,5,4,7567.7760000004055,810.0,6757.7760000004055,1891.9440000001014,2037.69000000011,3209,0,0.0,9.209407764239161,325,3204,fixed N=1 移动止损,lucid,Lucid (LucidPro),100k,accumulate,39.56043956043956,108.0,113.0,37091.640000000014,1.0,2190.2760000006415,2406.309393104253,9.0,46.206896551724135,60,0.9
15,1,1,15,14654.37600000064,675.0,13979.37600000064,976.9584000000427,2218.2840000000347,3293,0,0.0,6.007367526211391,212,3317,fixed N=1 移动止损,lucid,Lucid (LucidPro),150k,immediate,68.53146853146853,186.0,137.0,37091.640000000014,1.0,3228.9660000003587,3428.448206897563,12.0,60.689655172413794,100,0.9
15,1,1,26,13878.30228775438,675.0,13203.30228775438,533.7808572213223,1390.5148489848712,3293,0,0.0,6.035704165485973,213,3316,fixed N=1 移动止损,lucid,Lucid (LucidPro),150k,half_buffer,68.53146853146853,186.0,137.0,37091.640000000014,1.0,3228.9660000003587,3428.448206897563,12.0,60.689655172413794,100,0.9
15,1,1,7,13822.380000000612,675.0,13147.380000000612,1974.6257142858017,2480.5980000000536,3332,0,0.0,6.1207140833097196,216,3313,fixed N=1 移动止损,lucid,Lucid (LucidPro),150k,accumulate,68.53146853146853,186.0,137.0,37091.640000000014,1.0,3228.9660000003587,3428.448206897563,12.0,60.689655172413794,100,0.9
39,15,15,35,15542.800000001607,2340.0,13202.800000001607,444.0800000000459,2302.8640000000364,1577,0,0.0,20.45905355624823,722,2807,fixed N=1 移动止损,tpt,Take Profit Trader (PRO),50k,immediate,43.198090692124104,56.0,42.0,37091.640000000014,1.0,1188.592000000109,1613.0053517246324,6.0,26.20689655172414,20,0.8
37,15,15,46,10045.086245118666,2220.0,7825.086245118666,218.37144011127538,1151.4320000000182,1577,0,0.0,21.960895437801078,775,2754,fixed N=1 移动止损,tpt,Take Profit Trader (PRO),50k,half_buffer,43.198090692124104,56.0,42.0,37091.640000000014,1.0,1188.592000000109,1613.0053517246324,6.0,26.20689655172414,20,0.8
34,13,13,5,8889.120000000881,2040.0,6849.120000000881,1777.8240000001763,1995.7120000000812,1801,0,0.0,19.297251345990365,681,2848,fixed N=1 移动止损,tpt,Take Profit Trader (PRO),50k,accumulate,43.198090692124104,56.0,42.0,37091.640000000014,1.0,1188.592000000109,1613.0053517246324,6.0,26.20689655172414,20,0.8
19,5,5,13,8947.568000000576,1140.0,7807.568000000576,688.2744615385059,2442.320000000042,2591,0,0.0,7.537546047038822,266,3263,fixed N=1 移动止损,tpt,Take Profit Trader (PRO),100k,immediate,39.56043956043956,108.0,113.0,37091.640000000014,1.0,1905.0880000012462,2097.822344828266,9.0,46.206896551724135,40,0.8
19,5,5,15,6304.706875000527,1140.0,5164.706875000527,420.31379166670183,1151.4320000000182,2591,0,0.0,8.415981864550865,297,3232,fixed N=1 移动止损,tpt,Take Profit Trader (PRO),100k,half_buffer,39.56043956043956,108.0,113.0,37091.640000000014,1.0,1905.0880000012462,2097.822344828266,9.0,46.206896551724135,40,0.8
19,5,5,4,7319.456000000355,1140.0,6179.456000000355,1829.8640000000887,2302.8640000000364,3361,0,0.0,8.047605553981297,284,3245,fixed N=1 移动止损,tpt,Take Profit Trader (PRO),100k,accumulate,39.56043956043956,108.0,113.0,37091.640000000014,1.0,1905.0880000012462,2097.822344828266,9.0,46.206896551724135,40,0.8
15,1,1,15,9920.800000000489,900.0,9020.800000000489,661.3866666666993,2064.3680000000168,3290,0,0.0,5.242278265797676,185,3344,fixed N=1 移动止损,tpt,Take Profit Trader (PRO),150k,immediate,68.53146853146853,186.0,137.0,37091.640000000014,1.0,2720.2720000013937,2874.4301241387916,12.0,60.689655172413794,50,0.8
15,1,1,21,11708.3668908239,900.0,10808.3668908239,557.5412805154239,1661.6502183532925,3290,0,0.0,6.035704165485973,213,3316,fixed N=1 移动止损,tpt,Take Profit Trader (PRO),150k,half_buffer,68.53146853146853,186.0,137.0,37091.640000000014,1.0,2720.2720000013937,2874.4301241387916,12.0,60.689655172413794,50,0.8
15,1,1,7,12363.12000000053,900.0,11463.12000000053,1766.1600000000758,2281.5360000000337,3332,0,0.0,5.468971379994333,193,3336,fixed N=1 移动止损,tpt,Take Profit Trader (PRO),150k,accumulate,68.53146853146853,186.0,137.0,37091.640000000014,1.0,2720.2720000013937,2874.4301241387916,12.0,60.689655172413794,50,0.8
101,30,30,36,49270.76000000109,11865.0,37405.76000000109,1368.6322222222525,4984.200000000041,733,4,11.11111111111111,50.85227272727273,1790,1730,ATR k=4 移动止损,apex,Apex,50k,immediate,36.90303907380608,21.0,17.0,27061.340000000004,12.613352272727273,0.0,1488.2323611111465,0.0,0.0,100,1.0
93,29,29,45,42189.22464355578,12520.0,29669.224643555783,937.5383254123507,2672.2737695312862,733,0,0.0,57.86931818181818,2037,1483,ATR k=4 移动止损,apex,Apex,50k,half_buffer,36.90303907380608,21.0,17.0,27061.340000000004,12.613352272727273,0.0,1488.2323611111465,0.0,0.0,100,1.0
93,27,27,24,53428.04000000064,12605.0,40823.04000000064,2226.16833333336,3577.1600000002873,905,17,70.83333333333333,57.78409090909091,2034,1486,ATR k=4 移动止损,apex,Apex,50k,accumulate,36.90303907380608,21.0,17.0,27061.340000000004,12.613352272727273,0.0,1488.2323611111465,0.0,0.0,100,1.0
70,14,14,25,33533.2800000008,8060.0,25473.2800000008,1341.331200000032,3738.3399999999965,909,6,24.0,34.63068181818182,1219,2301,ATR k=4 移动止损,apex,Apex,100k,immediate,28.65497076023392,63.0,25.0,27061.340000000004,12.613352272727273,0.0,2043.8416666667044,0.0,0.0,140,1.0
68,14,14,25,26464.056557617834,7480.0,18984.056557617834,1058.5622623047134,2325.4138281250343,909,0,0.0,31.960227272727273,1125,2395,ATR k=4 移动止损,apex,Apex,100k,half_buffer,28.65497076023392,63.0,25.0,27061.340000000004,12.613352272727273,0.0,2043.8416666667044,0.0,0.0,140,1.0
69,14,14,15,32435.32000000059,7940.0,24495.32000000059,2162.3546666667057,2865.5400000000227,909,10,66.66666666666667,34.82954545454545,1226,2294,ATR k=4 移动止损,apex,Apex,100k,accumulate,28.65497076023392,63.0,25.0,27061.340000000004,12.613352272727273,0.0,2043.8416666667044,0.0,0.0,140,1.0
35,8,8,13,21751.560000001395,4710.0,17041.560000001395,1673.1969230770303,3276.9400000003225,1220,3,23.076923076923077,21.676136363636363,763,2757,ATR k=4 移动止损,apex,Apex,150k,immediate,30.05008347245409,129.0,57.0,27061.340000000004,12.613352272727273,393.5100000004895,3047.988750000237,1.0,0.0,170,1.0
34,8,8,24,22749.206250002215,5610.0,17139.206250002215,947.8835937500922,2263.2700000000186,1220,1,4.166666666666667,29.0625,1023,2497,ATR k=4 移动止损,apex,Apex,150k,half_buffer,30.05008347245409,129.0,57.0,27061.340000000004,12.613352272727273,393.5100000004895,3047.988750000237,1.0,0.0,170,1.0
35,8,8,9,19976.16000000114,4795.0,15181.160000001139,2219.5733333334597,3120.5000000009604,1855,6,66.66666666666667,22.897727272727273,806,2714,ATR k=4 移动止损,apex,Apex,150k,accumulate,30.05008347245409,129.0,57.0,27061.340000000004,12.613352272727273,393.5100000004895,3047.988750000237,1.0,0.0,170,1.0
77,8,8,7,10009.332000000068,4263.0,5746.332000000068,1429.904571428581,1800.0,724,5,71.42857142857143,4.545454545454546,160,3360,ATR k=4 移动止损,topstep,TopStep,50k,immediate,14.402618657937808,22.0,18.0,27238.300000000003,12.586647727272727,57.23100000000668,997.2513750000043,1.0,0.0,50,0.9
77,7,7,9,9096.853500000061,4361.0,4735.853500000061,1010.7615000000068,1505.7900000000118,724,0,0.0,5.5397727272727275,195,3325,ATR k=4 移动止损,topstep,TopStep,50k,half_buffer,14.402618657937808,22.0,18.0,27238.300000000003,12.586647727272727,57.23100000000668,997.2513750000043,1.0,0.0,50,0.9
77,7,7,6,10800.0,4165.0,6635.0,1800.0,1800.0,724,6,100.0,3.75,132,3388,ATR k=4 移动止损,topstep,TopStep,50k,accumulate,14.402618657937808,22.0,18.0,27238.300000000003,12.586647727272727,57.23100000000668,997.2513750000043,1.0,0.0,50,0.9
64,16,16,22,23378.778000000417,5096.0,18282.778000000417,1062.6717272727462,2680.865999999992,892,0,0.0,19.914772727272727,701,2819,ATR k=4 移动止损,topstep,TopStep,100k,immediate,30.75780089153046,63.0,32.0,27061.340000000004,12.613352272727273,1412.6310000000165,1620.6337500000109,1.0,0.0,100,0.9
61,15,15,31,23098.37709375041,5390.0,17708.37709375041,745.1089385080777,1829.3827499999927,892,0,0.0,25.482954545454547,897,2623,ATR k=4 移动止损,topstep,TopStep,100k,half_buffer,30.75780089153046,63.0,32.0,27061.340000000004,12.613352272727273,1412.6310000000165,1620.6337500000109,1.0,0.0,100,0.9
63,15,15,9,20760.390000000163,4900.0,15860.390000000163,2306.710000000018,2700.0,905,3,33.333333333333336,18.551136363636363,653,2867,ATR k=4 移动止损,topstep,TopStep,100k,accumulate,30.75780089153046,63.0,32.0,27061.340000000004,12.613352272727273,1412.6310000000165,1620.6337500000109,1.0,0.0,100,0.9
36,8,8,16,20830.140000001284,3185.0,17645.140000001284,1301.8837500000805,3082.446000000107,1199,0,0.0,15.369318181818182,541,2979,ATR k=4 移动止损,topstep,TopStep,150k,immediate,28.86762360446571,129.0,58.0,27061.340000000004,12.613352272727273,2578.338000000229,2941.6702500000965,2.0,0.0,150,0.9
34,7,7,29,26332.56194238406,3479.0,22853.56194238406,908.0193773235883,1742.4320625001085,1199,0,0.0,20.454545454545453,720,2800,ATR k=4 移动止损,topstep,TopStep,150k,half_buffer,28.86762360446571,129.0,58.0,27061.340000000004,12.613352272727273,2578.338000000229,2941.6702500000965,2.0,0.0,150,0.9
36,8,8,8,19362.708000000548,2989.0,16373.708000000548,2420.3385000000685,3082.446000000107,1199,0,0.0,12.784090909090908,450,3070,ATR k=4 移动止损,topstep,TopStep,150k,accumulate,28.86762360446571,129.0,58.0,27061.340000000004,12.613352272727273,2578.338000000229,2941.6702500000965,2.0,0.0,150,0.9
143,41,41,30,41344.470000000365,6435.0,34909.470000000365,1378.1490000000126,3390.0480000000275,101,0,0.0,22.329545454545453,786,2734,ATR k=4 移动止损,lucid,Lucid (LucidPro),50k,immediate,34.73227206946454,21.0,15.0,27138.3,12.451704545454545,183.91499999999542,965.2920000000049,1.0,0.0,40,0.9
137,40,40,64,35262.237726562846,6165.0,29097.237726562846,550.9724644775447,1695.0240000000138,101,0,0.0,26.619318181818183,937,2583,ATR k=4 移动止损,lucid,Lucid (LucidPro),50k,half_buffer,34.73227206946454,21.0,15.0,27138.3,12.451704545454545,183.91499999999542,965.2920000000049,1.0,0.0,40,0.9
142,41,41,15,33307.65000000033,6390.0,26917.65000000033,2220.510000000022,3390.0480000000275,724,0,0.0,24.460227272727273,861,2659,ATR k=4 移动止损,lucid,Lucid (LucidPro),50k,accumulate,34.73227206946454,21.0,15.0,27138.3,12.451704545454545,183.91499999999542,965.2920000000049,1.0,0.0,40,0.9
71,19,19,23,24297.408000000334,3195.0,21102.408000000334,1056.4090434782756,2856.510000000008,905,0,0.0,21.704545454545453,764,2756,ATR k=4 移动止损,lucid,Lucid (LucidPro),100k,immediate,31.718061674008812,65.0,32.0,27125.1,12.609375,1259.4690000000032,1522.0418750000088,1.0,0.0,60,0.9
65,18,18,53,22727.92772461,2925.0,19802.92772461,428.82882499264156,2334.5561249999987,905,0,0.0,24.602272727272727,866,2654,ATR k=4 移动止损,lucid,Lucid (LucidPro),100k,half_buffer,31.718061674008812,65.0,32.0,27125.1,12.609375,1259.4690000000032,1522.0418750000088,1.0,0.0,60,0.9
68,18,18,9,22296.58200000031,3060.0,19236.58200000031,2477.3980000000342,3390.047999999988,905,0,0.0,19.857954545454547,699,2821,ATR k=4 移动止损,lucid,Lucid (LucidPro),100k,accumulate,31.718061674008812,65.0,32.0,27125.1,12.609375,1259.4690000000032,1522.0418750000088,1.0,0.0,60,0.9
35,8,8,19,22838.02200000117,1575.0,21263.02200000117,1202.001157894798,2821.6260000000652,1199,0,0.0,15.909090909090908,560,2960,ATR k=4 移动止损,lucid,Lucid (LucidPro),150k,immediate,28.86762360446571,129.0,58.0,27061.340000000004,12.613352272727273,2629.971000000238,2948.8265000001015,2.0,0.0,100,0.9
36,8,8,55,30719.879274415816,1620.0,29099.879274415816,558.5432595348329,1695.0240000000529,1199,0,0.0,22.443181818181817,790,2730,ATR k=4 移动止损,lucid,Lucid (LucidPro),150k,half_buffer,28.86762360446571,129.0,58.0,27061.340000000004,12.613352272727273,2629.971000000238,2948.8265000001015,2.0,0.0,100,0.9
36,8,8,8,19670.310000000547,1620.0,18050.310000000547,2458.7887500000684,3390.0480000001057,1199,0,0.0,12.727272727272727,448,3072,ATR k=4 移动止损,lucid,Lucid (LucidPro),150k,accumulate,28.86762360446571,129.0,58.0,27061.340000000004,12.613352272727273,2629.971000000238,2948.8265000001015,2.0,0.0,100,0.9
132,42,42,22,27339.088000000054,7920.0,19419.088000000054,1242.6858181818209,2739.9520000000193,722,0,0.0,16.363636363636363,576,2944,ATR k=4 移动止损,tpt,Take Profit Trader (PRO),50k,immediate,34.153400868306804,22.5,18.0,39931.92000000001,10.081534090909091,92.75999999998604,676.7421111111097,1.0,0.0,20,0.8
121,40,40,31,20483.384000000086,7260.0,13223.384000000086,660.7543225806479,1534.6440000000148,722,0,0.0,21.732954545454547,765,2755,ATR k=4 移动止损,tpt,Take Profit Trader (PRO),50k,half_buffer,34.153400868306804,22.5,18.0,39931.92000000001,10.081534090909091,92.75999999998604,676.7421111111097,1.0,0.0,20,0.8
130,41,41,15,29018.208000000082,7800.0,21218.208000000082,1934.5472000000057,2739.9520000000193,724,0,0.0,17.897727272727273,630,2890,ATR k=4 移动止损,tpt,Take Profit Trader (PRO),50k,accumulate,34.153400868306804,22.5,18.0,39931.92000000001,10.081534090909091,92.75999999998604,676.7421111111097,1.0,0.0,20,0.8
70,20,20,22,15695.328000000361,4200.0,11495.328000000361,713.4240000000165,2539.120000000007,897,0,0.0,15.028409090909092,529,2991,ATR k=4 移动止损,tpt,Take Profit Trader (PRO),100k,immediate,31.718061674008812,65.0,32.0,27138.3,12.451704545454545,772.7680000000169,1165.385888888896,1.0,0.0,40,0.8
66,18,18,26,14802.37900000022,3960.0,10842.37900000022,569.3222692307777,1493.39800000001,897,0,0.0,16.647727272727273,586,2934,ATR k=4 移动止损,tpt,Take Profit Trader (PRO),100k,half_buffer,31.718061674008812,65.0,32.0,27138.3,12.451704545454545,772.7680000000169,1165.385888888896,1.0,0.0,40,0.8
69,18,18,9,17324.56000000029,4140.0,13184.560000000289,1924.9511111111433,2252.9600000000096,905,0,0.0,13.806818181818182,486,3034,ATR k=4 移动止损,tpt,Take Profit Trader (PRO),100k,accumulate,31.718061674008812,65.0,32.0,27138.3,12.451704545454545,772.7680000000169,1165.385888888896,1.0,0.0,40,0.8
36,8,8,17,16496.592000001066,2160.0,14336.592000001066,970.3877647059448,2508.112000000058,1197,0,0.0,15.482954545454545,545,2975,ATR k=4 移动止损,tpt,Take Profit Trader (PRO),150k,immediate,28.86762360446571,129.0,58.0,27238.300000000003,12.586647727272727,2012.0560000001337,2305.3636666667417,2.0,0.0,50,0.8
34,6,6,30,20261.96046289167,2040.0,18221.96046289167,675.3986820963892,1404.1888125000755,1197,0,0.0,17.073863636363637,601,2919,ATR k=4 移动止损,tpt,Take Profit Trader (PRO),150k,half_buffer,28.86762360446571,129.0,58.0,27238.300000000003,12.586647727272727,2012.0560000001337,2305.3636666667417,2.0,0.0,50,0.8
36,8,8,7,14388.544000000462,2160.0,12228.544000000462,2055.5062857143516,2589.264000000246,1199,0,0.0,12.130681818181818,427,3093,ATR k=4 移动止损,tpt,Take Profit Trader (PRO),150k,accumulate,28.86762360446571,129.0,58.0,27238.300000000003,12.586647727272727,2012.0560000001337,2305.3636666667417,2.0,0.0,50,0.8
