evals_bought,evals_passed,funded_accounts,payouts,withdrawn,fees_paid,net_to_trader,avg_payout,largest_payout,first_payout_day,capped_payouts,capped_pct,pct_time_funded,days_funded,days_in_eval,config,tier,risk_basis,path,risk_dollars,losses_to_bust,max_micros,avg_contracts,strategy_pnl,eval_pass_rate
100,10,10,8,8157.582000000109,5488.0,2669.5820000001086,1019.6977500000137,1800.0,1351.0,2,25.0,4.6755454803060355,165,3364,pct 0.5% (fixed stop),50k,fixed_dollar,standard,500.0,4.0,50,7.144516860300368,56006.58,13.309700290041896
99,9,9,9,10259.892000000167,5341.0,4918.892000000167,1139.9880000000187,2700.0,1351.0,1,11.11111111111111,4.023802776990649,142,3387,pct 0.5% (fixed stop),50k,fixed_dollar,consistency,500.0,4.0,50,7.144516860300368,56006.58,13.309700290041896
100,10,10,8,8157.582000000109,5488.0,2669.5820000001086,1019.6977500000137,1800.0,1351.0,2,25.0,4.6755454803060355,165,3364,pct 0.5% (fixed stop),50k,pct_balance,standard,500.0,4.0,50,7.144516860300368,56006.58,13.309700290041896
99,9,9,9,10259.892000000167,5341.0,4918.892000000167,1139.9880000000187,2700.0,1351.0,1,11.11111111111111,4.023802776990649,142,3387,pct 0.5% (fixed stop),50k,pct_balance,consistency,500.0,4.0,50,7.144516860300368,56006.58,13.309700290041896
100,10,10,8,8157.582000000109,5488.0,2669.5820000001086,1019.6977500000137,1800.0,1351.0,2,25.0,4.6755454803060355,165,3364,pct 0.5% (fixed stop),50k,pct_mll,standard,500.0,4.0,50,7.144516860300368,56006.58,13.309700290041896
99,9,9,9,10259.892000000167,5341.0,4918.892000000167,1139.9880000000187,2700.0,1351.0,1,11.11111111111111,4.023802776990649,142,3387,pct 0.5% (fixed stop),50k,pct_mll,consistency,500.0,4.0,50,7.144516860300368,56006.58,13.309700290041896
73,13,13,21,22452.444000000643,4802.0,17650.444000000643,1069.1640000000307,2700.0,867.0,2,9.523809523809524,10.739586285066592,379,3150,pct 0.5% (fixed stop),100k,fixed_dollar,standard,500.0,6.0,100,7.144516860300368,56006.58,27.630375114364135
74,12,12,21,25515.936000000413,4753.0,20762.936000000413,1215.044571428591,3432.780000000063,869.0,0,0.0,9.379427599886654,331,3198,pct 0.5% (fixed stop),100k,fixed_dollar,consistency,500.0,6.0,100,7.144516860300368,56006.58,27.630375114364135
142,12,12,17,39064.06799999976,7840.0,31224.06799999976,2297.886352941162,2700.0,1351.0,12,70.58823529411765,6.602436950977614,233,3296,pct 0.5% (fixed stop),100k,pct_balance,standard,1000.0,3.0,100,14.767639557948428,134442.39999999997,9.889773423147581
122,8,8,8,24803.261999999864,6419.0,18384.261999999864,3100.407749999983,5400.0,1351.0,1,12.5,2.8053272881836215,99,3430,pct 0.5% (fixed stop),100k,pct_balance,consistency,1000.0,3.0,100,14.767639557948428,134442.39999999997,9.889773423147581
101,11,11,7,15004.04399999999,5586.0,9418.04399999999,2143.434857142856,2700.0,463.0,4,57.142857142857146,4.250495891187305,150,3379,pct 0.5% (fixed stop),100k,pct_mll,standard,750.0,4.0,100,10.954661377160669,95686.44000000003,16.692049954310082
104,11,11,6,17959.121999999974,5684.0,12275.121999999974,2993.186999999996,4923.540000000018,463.0,0,0.0,3.4570699914990084,122,3407,pct 0.5% (fixed stop),100k,pct_mll,consistency,750.0,4.0,100,10.954661377160669,95686.44000000003,16.692049954310082
44,11,11,29,43396.218000002715,3871.0,39525.218000002715,1496.4213103449213,4500.0,882.0,3,10.344827586206897,17.767072825162934,627,2902,pct 0.5% (fixed stop),150k,fixed_dollar,standard,500.0,9.0,150,7.144516860300368,56006.58,30.909653465346533
45,11,11,19,23412.33000000158,3479.0,19933.33000000158,1232.2278947369255,3921.4980000002106,882.0,0,0.0,13.063190705582318,461,3068,pct 0.5% (fixed stop),150k,fixed_dollar,consistency,500.0,9.0,150,7.144516860300368,56006.58,30.909653465346533
140,9,9,14,54157.608000000204,7595.0,46562.608000000204,3868.400571428586,4500.0,1351.0,11,78.57142857142857,6.177387361858884,218,3311,pct 0.5% (fixed stop),150k,pct_balance,standard,1500.0,3.0,150,22.42419948994049,209019.6000000001,8.797293140572132
122,8,8,8,29994.08399999993,6468.0,23526.08399999993,3749.260499999991,5400.0,1351.0,4,50.0,3.48540663077359,123,3406,pct 0.5% (fixed stop),150k,pct_balance,consistency,1500.0,3.0,150,22.42419948994049,209019.6000000001,8.797293140572132
113,15,15,7,19876.76999999996,6419.0,13457.76999999996,2839.538571428566,4500.0,463.0,2,28.571428571428573,5.695664494190989,201,3328,pct 0.5% (fixed stop),150k,pct_mll,standard,1125.0,4.0,150,16.70246528761689,158770.37999999995,16.539750228449588
113,15,15,8,24086.39400000016,6370.0,17716.39400000016,3010.79925000002,5400.0,461.0,3,37.5,5.29895154434684,187,3342,pct 0.5% (fixed stop),150k,pct_mll,consistency,1125.0,4.0,150,16.70246528761689,158770.37999999995,16.539750228449588
45,10,10,24,18926.135999999904,3577.0,15349.135999999904,788.5889999999963,1800.0,881.0,3,12.5,14.281666194389345,504,3025,fixed N=2 (trailing),50k,fixed_dollar,standard,500.0,4.0,50,2.0,52562.279999999984,36.840253342716395
43,10,10,30,18370.727999999905,3479.0,14891.727999999905,612.3575999999969,2066.003999999998,874.0,0,0.0,14.593369226409747,515,3014,fixed N=2 (trailing),50k,fixed_dollar,consistency,500.0,4.0,50,2.0,52562.279999999984,36.840253342716395
45,10,10,24,18926.135999999904,3577.0,15349.135999999904,788.5889999999963,1800.0,881.0,3,12.5,14.281666194389345,504,3025,fixed N=2 (trailing),50k,pct_balance,standard,500.0,4.0,50,2.0,52562.279999999984,36.840253342716395
43,10,10,30,18370.727999999905,3479.0,14891.727999999905,612.3575999999969,2066.003999999998,874.0,0,0.0,14.593369226409747,515,3014,fixed N=2 (trailing),50k,pct_balance,consistency,500.0,4.0,50,2.0,52562.279999999984,36.840253342716395
45,10,10,24,18926.135999999904,3577.0,15349.135999999904,788.5889999999963,1800.0,881.0,3,12.5,14.281666194389345,504,3025,fixed N=2 (trailing),50k,pct_mll,standard,500.0,4.0,50,2.0,52562.279999999984,36.840253342716395
43,10,10,30,18370.727999999905,3479.0,14891.727999999905,612.3575999999969,2066.003999999998,874.0,0,0.0,14.593369226409747,515,3014,fixed N=2 (trailing),50k,pct_mll,consistency,500.0,4.0,50,2.0,52562.279999999984,36.840253342716395
31,10,10,22,15638.616000002085,2646.0,12992.616000002085,710.8461818182767,2122.3080000001005,1572.0,0,0.0,12.12808160952111,428,3101,fixed N=2 (trailing),100k,fixed_dollar,standard,500.0,6.0,100,2.0,52562.279999999984,42.88107202680067
31,10,10,24,13792.752000001754,2891.0,10901.752000001754,574.6980000000731,2303.244000000082,1569.0,0,0.0,13.856616605270615,489,3040,fixed N=2 (trailing),100k,fixed_dollar,consistency,500.0,6.0,100,2.0,52562.279999999984,42.88107202680067
43,13,13,20,21378.92400000172,3283.0,18095.92400000172,1068.9462000000858,2700.0,1569.0,2,10.0,10.85293284216492,383,3146,fixed N=2 (trailing),100k,pct_balance,standard,1000.0,3.0,100,2.0,74183.28000000003,32.480485689505635
45,12,12,23,24514.092000001787,3479.0,21035.092000001787,1065.8300869565994,3444.480000000063,1566.0,0,0.0,11.674695381127798,412,3117,fixed N=2 (trailing),100k,pct_balance,consistency,1000.0,3.0,100,2.0,74183.28000000003,32.480485689505635
40,16,16,19,16869.852000001756,3479.0,13390.852000001756,887.8869473685132,1822.9680000000692,1572.0,0,0.0,13.318220459053556,470,3059,fixed N=2 (trailing),100k,pct_mll,standard,750.0,4.0,100,2.0,65761.28000000001,33.940182054616386
38,15,15,24,19900.980000001786,3430.0,16470.980000001786,829.2075000000747,2395.944000000082,1569.0,0,0.0,14.22499291584018,502,3027,fixed N=2 (trailing),100k,pct_mll,consistency,750.0,4.0,100,2.0,65761.28000000001,33.940182054616386
19,5,5,11,9163.332000001345,1960.0,7203.332000001345,833.0301818183042,2140.3080000001005,2502.0,0,0.0,10.371209974497024,366,3163,fixed N=2 (trailing),150k,fixed_dollar,standard,500.0,9.0,150,2.0,52562.279999999984,48.55172413793103
19,5,5,12,9431.532000001345,1911.0,7520.532000001345,785.9610000001122,2140.3080000001005,2502.0,0,0.0,10.31453669594786,364,3165,fixed N=2 (trailing),150k,fixed_dollar,consistency,500.0,9.0,150,2.0,52562.279999999984,48.55172413793103
29,9,9,16,22309.848000002337,2744.0,19565.848000002337,1394.3655000001459,3550.3920000000567,1651.0,0,0.0,14.22499291584018,502,3027,fixed N=2 (trailing),150k,pct_balance,standard,1500.0,3.0,150,2.0,68259.28000000001,30.7898979043525
31,9,9,17,21144.780000002105,2793.0,18351.780000002105,1243.810588235418,4592.052000000025,1627.0,0,0.0,12.94984414848399,457,3072,fixed N=2 (trailing),150k,pct_balance,consistency,1500.0,3.0,150,2.0,68259.28000000001,30.7898979043525
26,7,7,25,32778.86400000317,2744.0,30034.864000003166,1311.1545600001266,4129.344000000082,1761.0,0,0.0,15.415131765372626,544,2985,fixed N=2 (trailing),150k,pct_mll,standard,1125.0,4.0,150,2.0,75009.28000000001,41.06853750674582
23,6,6,24,24803.712000002823,2401.0,22402.712000002823,1033.4880000001178,4129.344000000082,1761.0,0,0.0,14.083309719467271,497,3032,fixed N=2 (trailing),150k,pct_mll,consistency,1125.0,4.0,150,2.0,75009.28000000001,41.06853750674582
153,8,8,7,8010.917999999998,8134.0,-123.08200000000215,1144.4168571428568,1800.0,1698.0,2,28.571428571428573,5.525644658543497,195,3334,ATR k=1 (原主口径),50k,fixed_dollar,standard,500.0,4.0,50,31.548597336355908,-125414.40000000001,6.106651376146789
151,8,8,7,5986.368000000004,7889.0,-1902.631999999996,855.1954285714291,1554.0299999999975,1699.0,0,0.0,4.420515726834798,156,3373,ATR k=1 (原主口径),50k,fixed_dollar,consistency,500.0,4.0,50,31.548597336355908,-125414.40000000001,6.106651376146789
153,8,8,7,8010.917999999998,8134.0,-123.08200000000215,1144.4168571428568,1800.0,1698.0,2,28.571428571428573,5.525644658543497,195,3334,ATR k=1 (原主口径),50k,pct_balance,standard,500.0,4.0,50,31.548597336355908,-125414.40000000001,6.106651376146789
151,8,8,7,5986.368000000004,7889.0,-1902.631999999996,855.1954285714291,1554.0299999999975,1699.0,0,0.0,4.420515726834798,156,3373,ATR k=1 (原主口径),50k,pct_balance,consistency,500.0,4.0,50,31.548597336355908,-125414.40000000001,6.106651376146789
153,8,8,7,8010.917999999998,8134.0,-123.08200000000215,1144.4168571428568,1800.0,1698.0,2,28.571428571428573,5.525644658543497,195,3334,ATR k=1 (原主口径),50k,pct_mll,standard,500.0,4.0,50,31.548597336355908,-125414.40000000001,6.106651376146789
151,8,8,7,5986.368000000004,7889.0,-1902.631999999996,855.1954285714291,1554.0299999999975,1699.0,0,0.0,4.420515726834798,156,3373,ATR k=1 (原主口径),50k,pct_mll,consistency,500.0,4.0,50,31.548597336355908,-125414.40000000001,6.106651376146789
139,5,5,3,4574.592000000031,7203.0,-2628.4079999999694,1524.8640000000103,2387.0880000000066,2301.0,0,0.0,3.7404363842448287,132,3397,ATR k=1 (原主口径),100k,fixed_dollar,standard,500.0,6.0,100,45.78379144233494,-204887.14000000004,6.6051341217190656
139,5,5,3,5438.376000000039,7203.0,-1764.6239999999607,1812.792000000013,3757.35600000001,2301.0,0,0.0,3.5987531878719183,127,3402,ATR k=1 (原主口径),100k,fixed_dollar,consistency,500.0,6.0,100,45.78379144233494,-204887.14000000004,6.6051341217190656
208,5,5,0,0.0,10437.0,-10437.0,0.0,0.0,,0,0.0,1.1901388495324454,42,3487,ATR k=1 (原主口径),100k,pct_balance,standard,1000.0,3.0,100,63.37517710399547,-251097.84000000003,3.658188053729637
214,6,6,3,11205.899999999987,10780.0,425.8999999999869,3735.2999999999956,5400.0,1706.0,1,33.333333333333336,1.4735052422782657,52,3477,ATR k=1 (原主口径),100k,pct_balance,consistency,1000.0,3.0,100,63.37517710399547,-251097.84000000003,3.658188053729637
177,8,8,3,6039.017999999991,9163.0,-3123.982000000009,2013.005999999997,2700.0,2480.0,2,66.66666666666667,3.6270898271465004,128,3401,ATR k=1 (原主口径),100k,pct_mll,standard,750.0,4.0,100,56.31482006234061,-234028.4,5.472779369627507
177,8,8,2,6039.017999999991,9114.0,-3074.982000000009,3019.5089999999955,5400.0,2480.0,1,50.0,3.230376877302352,114,3415,ATR k=1 (原主口径),100k,pct_mll,consistency,750.0,4.0,100,56.31482006234061,-234028.4,5.472779369627507
86,2,2,3,1640.9520000000252,4508.0,-2867.0479999999748,546.9840000000085,807.4080000000221,2301.0,0,0.0,2.8620005667327857,101,3428,ATR k=1 (原主口径),150k,fixed_dollar,standard,500.0,9.0,150,50.69651459336923,-237851.72,4.2540792540792545
86,2,2,3,1476.9,4508.0,-3031.1,492.3,807.4080000000221,2301.0,0,0.0,2.8620005667327857,101,3428,ATR k=1 (原主口径),150k,fixed_dollar,consistency,500.0,9.0,150,50.69651459336923,-237851.72,4.2540792540792545
207,5,5,0,0.0,10388.0,-10388.0,0.0,0.0,,0,0.0,1.1901388495324454,42,3487,ATR k=1 (原主口径),150k,pct_balance,standard,1500.0,3.0,150,95.21535845848682,-377173.10000000003,3.659233847913093
209,6,6,3,14058.702000000025,10535.0,3523.702000000025,4686.234000000009,5400.0,1706.0,2,66.66666666666667,1.586851799376594,56,3473,ATR k=1 (原主口径),150k,pct_balance,consistency,1500.0,3.0,150,95.21535845848682,-377173.10000000003,3.659233847913093
176,8,8,3,9953.118000000042,9065.0,888.1180000000422,3317.7060000000142,4500.0,2480.0,2,66.66666666666667,3.6270898271465004,128,3401,ATR k=1 (原主口径),150k,pct_mll,standard,1125.0,4.0,150,84.64862567299518,-352443.0,5.557146949298195
177,8,8,3,10151.802,9163.0,988.8019999999997,3383.9339999999997,5400.0,2480.0,1,33.333333333333336,3.7971096627939924,134,3395,ATR k=1 (原主口径),150k,pct_mll,consistency,1125.0,4.0,150,84.64862567299518,-352443.0,5.557146949298195
