accounts,payouts,withdrawn_gross,withdrawn,fees_paid,net_to_trader,capped_payouts,config,tier,risk_basis,path
1,8,9063.98000000012,8157.582000000109,5488.0,2669.5820000001086,2,pct 0.5% (fixed stop),50k,fixed_dollar,standard
2,16,18127.96000000024,16315.164000000217,10976.0,5339.164000000217,4,pct 0.5% (fixed stop),50k,fixed_dollar,standard
3,24,27191.94000000036,24472.746000000327,16464.0,8008.746000000327,6,pct 0.5% (fixed stop),50k,fixed_dollar,standard
5,40,45319.9000000006,40787.91000000054,27440.0,13347.910000000542,10,pct 0.5% (fixed stop),50k,fixed_dollar,standard
10,80,90639.8000000012,81575.82000000108,54880.0,26695.820000001084,20,pct 0.5% (fixed stop),50k,fixed_dollar,standard
1,9,11399.880000000187,10259.892000000167,5341.0,4918.892000000167,1,pct 0.5% (fixed stop),50k,fixed_dollar,consistency
2,18,22799.760000000373,20519.784000000334,10682.0,9837.784000000334,2,pct 0.5% (fixed stop),50k,fixed_dollar,consistency
3,27,34199.64000000056,30779.6760000005,16023.0,14756.676000000502,3,pct 0.5% (fixed stop),50k,fixed_dollar,consistency
5,45,56999.40000000093,51299.460000000836,26705.0,24594.460000000836,5,pct 0.5% (fixed stop),50k,fixed_dollar,consistency
10,90,113998.80000000187,102598.92000000167,53410.0,49188.92000000167,10,pct 0.5% (fixed stop),50k,fixed_dollar,consistency
1,8,9063.98000000012,8157.582000000109,5488.0,2669.5820000001086,2,pct 0.5% (fixed stop),50k,pct_balance,standard
2,16,18127.96000000024,16315.164000000217,10976.0,5339.164000000217,4,pct 0.5% (fixed stop),50k,pct_balance,standard
3,24,27191.94000000036,24472.746000000327,16464.0,8008.746000000327,6,pct 0.5% (fixed stop),50k,pct_balance,standard
5,40,45319.9000000006,40787.91000000054,27440.0,13347.910000000542,10,pct 0.5% (fixed stop),50k,pct_balance,standard
10,80,90639.8000000012,81575.82000000108,54880.0,26695.820000001084,20,pct 0.5% (fixed stop),50k,pct_balance,standard
1,9,11399.880000000187,10259.892000000167,5341.0,4918.892000000167,1,pct 0.5% (fixed stop),50k,pct_balance,consistency
2,18,22799.760000000373,20519.784000000334,10682.0,9837.784000000334,2,pct 0.5% (fixed stop),50k,pct_balance,consistency
3,27,34199.64000000056,30779.6760000005,16023.0,14756.676000000502,3,pct 0.5% (fixed stop),50k,pct_balance,consistency
5,45,56999.40000000093,51299.460000000836,26705.0,24594.460000000836,5,pct 0.5% (fixed stop),50k,pct_balance,consistency
10,90,113998.80000000187,102598.92000000167,53410.0,49188.92000000167,10,pct 0.5% (fixed stop),50k,pct_balance,consistency
1,8,9063.98000000012,8157.582000000109,5488.0,2669.5820000001086,2,pct 0.5% (fixed stop),50k,pct_mll,standard
2,16,18127.96000000024,16315.164000000217,10976.0,5339.164000000217,4,pct 0.5% (fixed stop),50k,pct_mll,standard
3,24,27191.94000000036,24472.746000000327,16464.0,8008.746000000327,6,pct 0.5% (fixed stop),50k,pct_mll,standard
5,40,45319.9000000006,40787.91000000054,27440.0,13347.910000000542,10,pct 0.5% (fixed stop),50k,pct_mll,standard
10,80,90639.8000000012,81575.82000000108,54880.0,26695.820000001084,20,pct 0.5% (fixed stop),50k,pct_mll,standard
1,9,11399.880000000187,10259.892000000167,5341.0,4918.892000000167,1,pct 0.5% (fixed stop),50k,pct_mll,consistency
2,18,22799.760000000373,20519.784000000334,10682.0,9837.784000000334,2,pct 0.5% (fixed stop),50k,pct_mll,consistency
3,27,34199.64000000056,30779.6760000005,16023.0,14756.676000000502,3,pct 0.5% (fixed stop),50k,pct_mll,consistency
5,45,56999.40000000093,51299.460000000836,26705.0,24594.460000000836,5,pct 0.5% (fixed stop),50k,pct_mll,consistency
10,90,113998.80000000187,102598.92000000167,53410.0,49188.92000000167,10,pct 0.5% (fixed stop),50k,pct_mll,consistency
1,21,24947.160000000717,22452.444000000643,4802.0,17650.444000000643,2,pct 0.5% (fixed stop),100k,fixed_dollar,standard
2,42,49894.32000000143,44904.88800000129,9604.0,35300.88800000129,4,pct 0.5% (fixed stop),100k,fixed_dollar,standard
3,63,74841.48000000215,67357.33200000193,14406.0,52951.33200000193,6,pct 0.5% (fixed stop),100k,fixed_dollar,standard
5,105,124735.80000000358,112262.22000000322,24010.0,88252.22000000322,10,pct 0.5% (fixed stop),100k,fixed_dollar,standard
10,210,249471.60000000717,224524.44000000643,48020.0,176504.44000000643,20,pct 0.5% (fixed stop),100k,fixed_dollar,standard
1,21,28351.04000000046,25515.936000000413,4753.0,20762.936000000413,0,pct 0.5% (fixed stop),100k,fixed_dollar,consistency
2,42,56702.08000000092,51031.872000000825,9506.0,41525.872000000825,0,pct 0.5% (fixed stop),100k,fixed_dollar,consistency
3,63,85053.12000000138,76547.80800000124,14259.0,62288.80800000124,0,pct 0.5% (fixed stop),100k,fixed_dollar,consistency
5,105,141755.20000000228,127579.68000000206,23765.0,103814.68000000206,0,pct 0.5% (fixed stop),100k,fixed_dollar,consistency
10,210,283510.40000000456,255159.36000000412,47530.0,207629.36000000412,0,pct 0.5% (fixed stop),100k,fixed_dollar,consistency
1,17,43404.51999999973,39064.06799999976,7840.0,31224.06799999976,12,pct 0.5% (fixed stop),100k,pct_balance,standard
2,34,86809.03999999946,78128.13599999952,15680.0,62448.13599999952,24,pct 0.5% (fixed stop),100k,pct_balance,standard
3,51,130213.55999999918,117192.20399999927,23520.0,93672.20399999927,36,pct 0.5% (fixed stop),100k,pct_balance,standard
5,85,217022.59999999864,195320.3399999988,39200.0,156120.3399999988,60,pct 0.5% (fixed stop),100k,pct_balance,standard
10,170,434045.1999999973,390640.6799999976,78400.0,312240.6799999976,120,pct 0.5% (fixed stop),100k,pct_balance,standard
1,8,27559.179999999847,24803.261999999864,6419.0,18384.261999999864,1,pct 0.5% (fixed stop),100k,pct_balance,consistency
2,16,55118.359999999695,49606.52399999973,12838.0,36768.52399999973,2,pct 0.5% (fixed stop),100k,pct_balance,consistency
3,24,82677.53999999954,74409.78599999959,19257.0,55152.785999999585,3,pct 0.5% (fixed stop),100k,pct_balance,consistency
5,40,137795.89999999924,124016.30999999933,32095.0,91921.30999999933,5,pct 0.5% (fixed stop),100k,pct_balance,consistency
10,80,275591.7999999985,248032.61999999866,64190.0,183842.61999999866,10,pct 0.5% (fixed stop),100k,pct_balance,consistency
1,7,16671.15999999999,15004.04399999999,5586.0,9418.04399999999,4,pct 0.5% (fixed stop),100k,pct_mll,standard
2,14,33342.31999999998,30008.08799999998,11172.0,18836.08799999998,8,pct 0.5% (fixed stop),100k,pct_mll,standard
3,21,50013.47999999997,45012.13199999997,16758.0,28254.13199999997,12,pct 0.5% (fixed stop),100k,pct_mll,standard
5,35,83355.79999999994,75020.21999999996,27930.0,47090.21999999996,20,pct 0.5% (fixed stop),100k,pct_mll,standard
10,70,166711.5999999999,150040.43999999992,55860.0,94180.43999999992,40,pct 0.5% (fixed stop),100k,pct_mll,standard
1,6,19954.579999999973,17959.121999999974,5684.0,12275.121999999974,0,pct 0.5% (fixed stop),100k,pct_mll,consistency
2,12,39909.159999999945,35918.24399999995,11368.0,24550.243999999948,0,pct 0.5% (fixed stop),100k,pct_mll,consistency
3,18,59863.73999999992,53877.36599999992,17052.0,36825.36599999992,0,pct 0.5% (fixed stop),100k,pct_mll,consistency
5,30,99772.89999999986,89795.60999999987,28420.0,61375.60999999987,0,pct 0.5% (fixed stop),100k,pct_mll,consistency
10,60,199545.79999999973,179591.21999999974,56840.0,122751.21999999974,0,pct 0.5% (fixed stop),100k,pct_mll,consistency
1,29,48218.020000003016,43396.218000002715,3871.0,39525.218000002715,3,pct 0.5% (fixed stop),150k,fixed_dollar,standard
2,58,96436.04000000603,86792.43600000543,7742.0,79050.43600000543,6,pct 0.5% (fixed stop),150k,fixed_dollar,standard
3,87,144654.06000000905,130188.65400000814,11613.0,118575.65400000814,9,pct 0.5% (fixed stop),150k,fixed_dollar,standard
5,145,241090.10000001508,216981.0900000136,19355.0,197626.0900000136,15,pct 0.5% (fixed stop),150k,fixed_dollar,standard
10,290,482180.20000003016,433962.1800000272,38710.0,395252.1800000272,30,pct 0.5% (fixed stop),150k,fixed_dollar,standard
1,19,26013.700000001758,23412.33000000158,3479.0,19933.33000000158,0,pct 0.5% (fixed stop),150k,fixed_dollar,consistency
2,38,52027.400000003516,46824.66000000316,6958.0,39866.66000000316,0,pct 0.5% (fixed stop),150k,fixed_dollar,consistency
3,57,78041.10000000527,70236.99000000473,10437.0,59799.990000004735,0,pct 0.5% (fixed stop),150k,fixed_dollar,consistency
5,95,130068.50000000879,117061.65000000791,17395.0,99666.65000000791,0,pct 0.5% (fixed stop),150k,fixed_dollar,consistency
10,190,260137.00000001758,234123.30000001582,34790.0,199333.30000001582,0,pct 0.5% (fixed stop),150k,fixed_dollar,consistency
1,14,60175.12000000023,54157.608000000204,7595.0,46562.608000000204,11,pct 0.5% (fixed stop),150k,pct_balance,standard
2,28,120350.24000000046,108315.21600000041,15190.0,93125.21600000041,22,pct 0.5% (fixed stop),150k,pct_balance,standard
3,42,180525.36000000068,162472.8240000006,22785.0,139687.8240000006,33,pct 0.5% (fixed stop),150k,pct_balance,standard
5,70,300875.60000000114,270788.040000001,37975.0,232813.04000000103,55,pct 0.5% (fixed stop),150k,pct_balance,standard
10,140,601751.2000000023,541576.080000002,75950.0,465626.08000000205,110,pct 0.5% (fixed stop),150k,pct_balance,standard
1,8,33326.75999999992,29994.08399999993,6468.0,23526.08399999993,4,pct 0.5% (fixed stop),150k,pct_balance,consistency
2,16,66653.51999999984,59988.16799999986,12936.0,47052.16799999986,8,pct 0.5% (fixed stop),150k,pct_balance,consistency
3,24,99980.27999999977,89982.25199999979,19404.0,70578.25199999979,12,pct 0.5% (fixed stop),150k,pct_balance,consistency
5,40,166633.7999999996,149970.41999999963,32340.0,117630.41999999963,20,pct 0.5% (fixed stop),150k,pct_balance,consistency
10,80,333267.5999999992,299940.83999999927,64680.0,235260.83999999927,40,pct 0.5% (fixed stop),150k,pct_balance,consistency
1,7,22085.29999999996,19876.76999999996,6419.0,13457.76999999996,2,pct 0.5% (fixed stop),150k,pct_mll,standard
2,14,44170.59999999992,39753.53999999992,12838.0,26915.53999999992,4,pct 0.5% (fixed stop),150k,pct_mll,standard
3,21,66255.89999999988,59630.30999999988,19257.0,40373.30999999988,6,pct 0.5% (fixed stop),150k,pct_mll,standard
5,35,110426.4999999998,99383.8499999998,32095.0,67288.8499999998,10,pct 0.5% (fixed stop),150k,pct_mll,standard
10,70,220852.9999999996,198767.6999999996,64190.0,134577.6999999996,20,pct 0.5% (fixed stop),150k,pct_mll,standard
1,8,26762.660000000178,24086.39400000016,6370.0,17716.39400000016,3,pct 0.5% (fixed stop),150k,pct_mll,consistency
2,16,53525.320000000356,48172.78800000032,12740.0,35432.78800000032,6,pct 0.5% (fixed stop),150k,pct_mll,consistency
3,24,80287.98000000053,72259.18200000048,19110.0,53149.18200000048,9,pct 0.5% (fixed stop),150k,pct_mll,consistency
5,40,133813.3000000009,120431.9700000008,31850.0,88581.9700000008,15,pct 0.5% (fixed stop),150k,pct_mll,consistency
10,80,267626.6000000018,240863.9400000016,63700.0,177163.9400000016,30,pct 0.5% (fixed stop),150k,pct_mll,consistency
1,24,21029.0399999999,18926.135999999904,3577.0,15349.135999999904,3,fixed N=2 (trailing),50k,fixed_dollar,standard
2,48,42058.0799999998,37852.27199999981,7154.0,30698.271999999808,6,fixed N=2 (trailing),50k,fixed_dollar,standard
3,72,63087.1199999997,56778.40799999971,10731.0,46047.40799999971,9,fixed N=2 (trailing),50k,fixed_dollar,standard
5,120,105145.19999999949,94630.67999999953,17885.0,76745.67999999953,15,fixed N=2 (trailing),50k,fixed_dollar,standard
10,240,210290.39999999898,189261.35999999905,35770.0,153491.35999999905,30,fixed N=2 (trailing),50k,fixed_dollar,standard
1,30,20411.91999999989,18370.727999999905,3479.0,14891.727999999905,0,fixed N=2 (trailing),50k,fixed_dollar,consistency
2,60,40823.83999999978,36741.45599999981,6958.0,29783.45599999981,0,fixed N=2 (trailing),50k,fixed_dollar,consistency
3,90,61235.75999999967,55112.18399999972,10437.0,44675.18399999972,0,fixed N=2 (trailing),50k,fixed_dollar,consistency
5,150,102059.59999999945,91853.63999999952,17395.0,74458.63999999952,0,fixed N=2 (trailing),50k,fixed_dollar,consistency
10,300,204119.1999999989,183707.27999999904,34790.0,148917.27999999904,0,fixed N=2 (trailing),50k,fixed_dollar,consistency
1,24,21029.0399999999,18926.135999999904,3577.0,15349.135999999904,3,fixed N=2 (trailing),50k,pct_balance,standard
2,48,42058.0799999998,37852.27199999981,7154.0,30698.271999999808,6,fixed N=2 (trailing),50k,pct_balance,standard
3,72,63087.1199999997,56778.40799999971,10731.0,46047.40799999971,9,fixed N=2 (trailing),50k,pct_balance,standard
5,120,105145.19999999949,94630.67999999953,17885.0,76745.67999999953,15,fixed N=2 (trailing),50k,pct_balance,standard
10,240,210290.39999999898,189261.35999999905,35770.0,153491.35999999905,30,fixed N=2 (trailing),50k,pct_balance,standard
1,30,20411.91999999989,18370.727999999905,3479.0,14891.727999999905,0,fixed N=2 (trailing),50k,pct_balance,consistency
2,60,40823.83999999978,36741.45599999981,6958.0,29783.45599999981,0,fixed N=2 (trailing),50k,pct_balance,consistency
3,90,61235.75999999967,55112.18399999972,10437.0,44675.18399999972,0,fixed N=2 (trailing),50k,pct_balance,consistency
5,150,102059.59999999945,91853.63999999952,17395.0,74458.63999999952,0,fixed N=2 (trailing),50k,pct_balance,consistency
10,300,204119.1999999989,183707.27999999904,34790.0,148917.27999999904,0,fixed N=2 (trailing),50k,pct_balance,consistency
1,24,21029.0399999999,18926.135999999904,3577.0,15349.135999999904,3,fixed N=2 (trailing),50k,pct_mll,standard
2,48,42058.0799999998,37852.27199999981,7154.0,30698.271999999808,6,fixed N=2 (trailing),50k,pct_mll,standard
3,72,63087.1199999997,56778.40799999971,10731.0,46047.40799999971,9,fixed N=2 (trailing),50k,pct_mll,standard
5,120,105145.19999999949,94630.67999999953,17885.0,76745.67999999953,15,fixed N=2 (trailing),50k,pct_mll,standard
10,240,210290.39999999898,189261.35999999905,35770.0,153491.35999999905,30,fixed N=2 (trailing),50k,pct_mll,standard
1,30,20411.91999999989,18370.727999999905,3479.0,14891.727999999905,0,fixed N=2 (trailing),50k,pct_mll,consistency
2,60,40823.83999999978,36741.45599999981,6958.0,29783.45599999981,0,fixed N=2 (trailing),50k,pct_mll,consistency
3,90,61235.75999999967,55112.18399999972,10437.0,44675.18399999972,0,fixed N=2 (trailing),50k,pct_mll,consistency
5,150,102059.59999999945,91853.63999999952,17395.0,74458.63999999952,0,fixed N=2 (trailing),50k,pct_mll,consistency
10,300,204119.1999999989,183707.27999999904,34790.0,148917.27999999904,0,fixed N=2 (trailing),50k,pct_mll,consistency
1,22,17376.24000000232,15638.616000002085,2646.0,12992.616000002085,0,fixed N=2 (trailing),100k,fixed_dollar,standard
2,44,34752.48000000464,31277.23200000417,5292.0,25985.23200000417,0,fixed N=2 (trailing),100k,fixed_dollar,standard
3,66,52128.72000000696,46915.848000006255,7938.0,38977.848000006255,0,fixed N=2 (trailing),100k,fixed_dollar,standard
5,110,86881.2000000116,78193.08000001042,13230.0,64963.08000001042,0,fixed N=2 (trailing),100k,fixed_dollar,standard
10,220,173762.4000000232,156386.16000002084,26460.0,129926.16000002084,0,fixed N=2 (trailing),100k,fixed_dollar,standard
1,24,15325.280000001949,13792.752000001754,2891.0,10901.752000001754,0,fixed N=2 (trailing),100k,fixed_dollar,consistency
2,48,30650.560000003898,27585.504000003508,5782.0,21803.504000003508,0,fixed N=2 (trailing),100k,fixed_dollar,consistency
3,72,45975.84000000585,41378.25600000526,8673.0,32705.25600000526,0,fixed N=2 (trailing),100k,fixed_dollar,consistency
5,120,76626.40000000974,68963.76000000877,14455.0,54508.76000000877,0,fixed N=2 (trailing),100k,fixed_dollar,consistency
10,240,153252.8000000195,137927.52000001754,28910.0,109017.52000001754,0,fixed N=2 (trailing),100k,fixed_dollar,consistency
1,20,23754.360000001907,21378.92400000172,3283.0,18095.92400000172,2,fixed N=2 (trailing),100k,pct_balance,standard
2,40,47508.720000003814,42757.84800000344,6566.0,36191.84800000344,4,fixed N=2 (trailing),100k,pct_balance,standard
3,60,71263.08000000572,64136.77200000516,9849.0,54287.77200000516,6,fixed N=2 (trailing),100k,pct_balance,standard
5,100,118771.80000000953,106894.6200000086,16415.0,90479.6200000086,10,fixed N=2 (trailing),100k,pct_balance,standard
10,200,237543.60000001907,213789.2400000172,32830.0,180959.2400000172,20,fixed N=2 (trailing),100k,pct_balance,standard
1,23,27237.880000001984,24514.092000001787,3479.0,21035.092000001787,0,fixed N=2 (trailing),100k,pct_balance,consistency
2,46,54475.76000000397,49028.18400000357,6958.0,42070.18400000357,0,fixed N=2 (trailing),100k,pct_balance,consistency
3,69,81713.64000000595,73542.27600000537,10437.0,63105.27600000537,0,fixed N=2 (trailing),100k,pct_balance,consistency
5,115,136189.40000000992,122570.46000000893,17395.0,105175.46000000893,0,fixed N=2 (trailing),100k,pct_balance,consistency
10,230,272378.80000001984,245140.92000001785,34790.0,210350.92000001785,0,fixed N=2 (trailing),100k,pct_balance,consistency
1,19,18744.28000000195,16869.852000001756,3479.0,13390.852000001756,0,fixed N=2 (trailing),100k,pct_mll,standard
2,38,37488.5600000039,33739.70400000351,6958.0,26781.704000003512,0,fixed N=2 (trailing),100k,pct_mll,standard
3,57,56232.84000000585,50609.556000005265,10437.0,40172.556000005265,0,fixed N=2 (trailing),100k,pct_mll,standard
5,95,93721.40000000974,84349.26000000878,17395.0,66954.26000000878,0,fixed N=2 (trailing),100k,pct_mll,standard
10,190,187442.8000000195,168698.52000001757,34790.0,133908.52000001757,0,fixed N=2 (trailing),100k,pct_mll,standard
1,24,22112.20000000199,19900.980000001786,3430.0,16470.980000001786,0,fixed N=2 (trailing),100k,pct_mll,consistency
2,48,44224.40000000398,39801.96000000357,6860.0,32941.96000000357,0,fixed N=2 (trailing),100k,pct_mll,consistency
3,72,66336.60000000597,59702.94000000536,10290.0,49412.94000000536,0,fixed N=2 (trailing),100k,pct_mll,consistency
5,120,110561.00000000995,99504.90000000893,17150.0,82354.90000000893,0,fixed N=2 (trailing),100k,pct_mll,consistency
10,240,221122.0000000199,199009.80000001786,34300.0,164709.80000001786,0,fixed N=2 (trailing),100k,pct_mll,consistency
1,11,10181.480000001495,9163.332000001345,1960.0,7203.332000001345,0,fixed N=2 (trailing),150k,fixed_dollar,standard
2,22,20362.96000000299,18326.66400000269,3920.0,14406.66400000269,0,fixed N=2 (trailing),150k,fixed_dollar,standard
3,33,30544.440000004484,27489.996000004034,5880.0,21609.996000004034,0,fixed N=2 (trailing),150k,fixed_dollar,standard
5,55,50907.400000007474,45816.66000000673,9800.0,36016.66000000673,0,fixed N=2 (trailing),150k,fixed_dollar,standard
10,110,101814.80000001495,91633.32000001345,19600.0,72033.32000001345,0,fixed N=2 (trailing),150k,fixed_dollar,standard
1,12,10479.480000001495,9431.532000001345,1911.0,7520.532000001345,0,fixed N=2 (trailing),150k,fixed_dollar,consistency
2,24,20958.96000000299,18863.06400000269,3822.0,15041.06400000269,0,fixed N=2 (trailing),150k,fixed_dollar,consistency
3,36,31438.440000004484,28294.596000004036,5733.0,22561.596000004036,0,fixed N=2 (trailing),150k,fixed_dollar,consistency
5,60,52397.400000007474,47157.66000000673,9555.0,37602.66000000673,0,fixed N=2 (trailing),150k,fixed_dollar,consistency
10,120,104794.80000001495,94315.32000001345,19110.0,75205.32000001345,0,fixed N=2 (trailing),150k,fixed_dollar,consistency
1,16,24788.72000000259,22309.848000002337,2744.0,19565.848000002337,0,fixed N=2 (trailing),150k,pct_balance,standard
2,32,49577.44000000518,44619.696000004675,5488.0,39131.696000004675,0,fixed N=2 (trailing),150k,pct_balance,standard
3,48,74366.16000000777,66929.54400000701,8232.0,58697.54400000701,0,fixed N=2 (trailing),150k,pct_balance,standard
5,80,123943.60000001296,111549.24000001169,13720.0,97829.24000001169,0,fixed N=2 (trailing),150k,pct_balance,standard
10,160,247887.2000000259,223098.48000002338,27440.0,195658.48000002338,0,fixed N=2 (trailing),150k,pct_balance,standard
1,17,23494.20000000234,21144.780000002105,2793.0,18351.780000002105,0,fixed N=2 (trailing),150k,pct_balance,consistency
2,34,46988.40000000468,42289.56000000421,5586.0,36703.56000000421,0,fixed N=2 (trailing),150k,pct_balance,consistency
3,51,70482.60000000702,63434.34000000631,8379.0,55055.34000000631,0,fixed N=2 (trailing),150k,pct_balance,consistency
5,85,117471.0000000117,105723.90000001053,13965.0,91758.90000001053,0,fixed N=2 (trailing),150k,pct_balance,consistency
10,170,234942.0000000234,211447.80000002106,27930.0,183517.80000002106,0,fixed N=2 (trailing),150k,pct_balance,consistency
1,25,36420.96000000351,32778.86400000317,2744.0,30034.864000003166,0,fixed N=2 (trailing),150k,pct_mll,standard
2,50,72841.92000000703,65557.72800000633,5488.0,60069.72800000633,0,fixed N=2 (trailing),150k,pct_mll,standard
3,75,109262.88000001054,98336.59200000949,8232.0,90104.59200000949,0,fixed N=2 (trailing),150k,pct_mll,standard
5,125,182104.80000001757,163894.32000001584,13720.0,150174.32000001584,0,fixed N=2 (trailing),150k,pct_mll,standard
10,250,364209.60000003513,327788.6400000317,27440.0,300348.6400000317,0,fixed N=2 (trailing),150k,pct_mll,standard
1,24,27559.680000003136,24803.712000002823,2401.0,22402.712000002823,0,fixed N=2 (trailing),150k,pct_mll,consistency
2,48,55119.36000000627,49607.424000005645,4802.0,44805.424000005645,0,fixed N=2 (trailing),150k,pct_mll,consistency
3,72,82679.04000000941,74411.13600000847,7203.0,67208.13600000847,0,fixed N=2 (trailing),150k,pct_mll,consistency
5,120,137798.40000001568,124018.56000001411,12005.0,112013.56000001411,0,fixed N=2 (trailing),150k,pct_mll,consistency
10,240,275596.80000003136,248037.12000002823,24010.0,224027.12000002823,0,fixed N=2 (trailing),150k,pct_mll,consistency
1,7,8901.019999999997,8010.917999999998,8134.0,-123.08200000000215,2,ATR k=1 (原主口径),50k,fixed_dollar,standard
2,14,17802.039999999994,16021.835999999996,16268.0,-246.1640000000043,4,ATR k=1 (原主口径),50k,fixed_dollar,standard
3,21,26703.05999999999,24032.753999999994,24402.0,-369.24600000000646,6,ATR k=1 (原主口径),50k,fixed_dollar,standard
5,35,44505.099999999984,40054.58999999999,40670.0,-615.4100000000108,10,ATR k=1 (原主口径),50k,fixed_dollar,standard
10,70,89010.19999999997,80109.17999999998,81340.0,-1230.8200000000215,20,ATR k=1 (原主口径),50k,fixed_dollar,standard
1,7,6651.520000000004,5986.368000000004,7889.0,-1902.631999999996,0,ATR k=1 (原主口径),50k,fixed_dollar,consistency
2,14,13303.040000000008,11972.736000000008,15778.0,-3805.263999999992,0,ATR k=1 (原主口径),50k,fixed_dollar,consistency
3,21,19954.560000000012,17959.104000000014,23667.0,-5707.895999999986,0,ATR k=1 (原主口径),50k,fixed_dollar,consistency
5,35,33257.60000000002,29931.84000000002,39445.0,-9513.159999999982,0,ATR k=1 (原主口径),50k,fixed_dollar,consistency
10,70,66515.20000000004,59863.68000000004,78890.0,-19026.319999999963,0,ATR k=1 (原主口径),50k,fixed_dollar,consistency
1,7,8901.019999999997,8010.917999999998,8134.0,-123.08200000000215,2,ATR k=1 (原主口径),50k,pct_balance,standard
2,14,17802.039999999994,16021.835999999996,16268.0,-246.1640000000043,4,ATR k=1 (原主口径),50k,pct_balance,standard
3,21,26703.05999999999,24032.753999999994,24402.0,-369.24600000000646,6,ATR k=1 (原主口径),50k,pct_balance,standard
5,35,44505.099999999984,40054.58999999999,40670.0,-615.4100000000108,10,ATR k=1 (原主口径),50k,pct_balance,standard
10,70,89010.19999999997,80109.17999999998,81340.0,-1230.8200000000215,20,ATR k=1 (原主口径),50k,pct_balance,standard
1,7,6651.520000000004,5986.368000000004,7889.0,-1902.631999999996,0,ATR k=1 (原主口径),50k,pct_balance,consistency
2,14,13303.040000000008,11972.736000000008,15778.0,-3805.263999999992,0,ATR k=1 (原主口径),50k,pct_balance,consistency
3,21,19954.560000000012,17959.104000000014,23667.0,-5707.895999999986,0,ATR k=1 (原主口径),50k,pct_balance,consistency
5,35,33257.60000000002,29931.84000000002,39445.0,-9513.159999999982,0,ATR k=1 (原主口径),50k,pct_balance,consistency
10,70,66515.20000000004,59863.68000000004,78890.0,-19026.319999999963,0,ATR k=1 (原主口径),50k,pct_balance,consistency
1,7,8901.019999999997,8010.917999999998,8134.0,-123.08200000000215,2,ATR k=1 (原主口径),50k,pct_mll,standard
2,14,17802.039999999994,16021.835999999996,16268.0,-246.1640000000043,4,ATR k=1 (原主口径),50k,pct_mll,standard
3,21,26703.05999999999,24032.753999999994,24402.0,-369.24600000000646,6,ATR k=1 (原主口径),50k,pct_mll,standard
5,35,44505.099999999984,40054.58999999999,40670.0,-615.4100000000108,10,ATR k=1 (原主口径),50k,pct_mll,standard
10,70,89010.19999999997,80109.17999999998,81340.0,-1230.8200000000215,20,ATR k=1 (原主口径),50k,pct_mll,standard
1,7,6651.520000000004,5986.368000000004,7889.0,-1902.631999999996,0,ATR k=1 (原主口径),50k,pct_mll,consistency
2,14,13303.040000000008,11972.736000000008,15778.0,-3805.263999999992,0,ATR k=1 (原主口径),50k,pct_mll,consistency
3,21,19954.560000000012,17959.104000000014,23667.0,-5707.895999999986,0,ATR k=1 (原主口径),50k,pct_mll,consistency
5,35,33257.60000000002,29931.84000000002,39445.0,-9513.159999999982,0,ATR k=1 (原主口径),50k,pct_mll,consistency
10,70,66515.20000000004,59863.68000000004,78890.0,-19026.319999999963,0,ATR k=1 (原主口径),50k,pct_mll,consistency
1,3,5082.880000000034,4574.592000000031,7203.0,-2628.4079999999694,0,ATR k=1 (原主口径),100k,fixed_dollar,standard
2,6,10165.760000000068,9149.184000000061,14406.0,-5256.815999999939,0,ATR k=1 (原主口径),100k,fixed_dollar,standard
3,9,15248.640000000101,13723.776000000093,21609.0,-7885.223999999907,0,ATR k=1 (原主口径),100k,fixed_dollar,standard
5,15,25414.40000000017,22872.960000000152,36015.0,-13142.039999999848,0,ATR k=1 (原主口径),100k,fixed_dollar,standard
10,30,50828.80000000034,45745.920000000304,72030.0,-26284.079999999696,0,ATR k=1 (原主口径),100k,fixed_dollar,standard
1,3,6042.640000000043,5438.376000000039,7203.0,-1764.6239999999607,0,ATR k=1 (原主口径),100k,fixed_dollar,consistency
2,6,12085.280000000086,10876.752000000079,14406.0,-3529.2479999999214,0,ATR k=1 (原主口径),100k,fixed_dollar,consistency
3,9,18127.92000000013,16315.128000000117,21609.0,-5293.871999999883,0,ATR k=1 (原主口径),100k,fixed_dollar,consistency
5,15,30213.200000000215,27191.880000000197,36015.0,-8823.119999999803,0,ATR k=1 (原主口径),100k,fixed_dollar,consistency
10,30,60426.40000000043,54383.760000000395,72030.0,-17646.239999999605,0,ATR k=1 (原主口径),100k,fixed_dollar,consistency
1,0,0.0,0.0,10437.0,-10437.0,0,ATR k=1 (原主口径),100k,pct_balance,standard
2,0,0.0,0.0,20874.0,-20874.0,0,ATR k=1 (原主口径),100k,pct_balance,standard
3,0,0.0,0.0,31311.0,-31311.0,0,ATR k=1 (原主口径),100k,pct_balance,standard
5,0,0.0,0.0,52185.0,-52185.0,0,ATR k=1 (原主口径),100k,pct_balance,standard
10,0,0.0,0.0,104370.0,-104370.0,0,ATR k=1 (原主口径),100k,pct_balance,standard
1,3,12450.999999999985,11205.899999999987,10780.0,425.8999999999869,1,ATR k=1 (原主口径),100k,pct_balance,consistency
2,6,24901.99999999997,22411.799999999974,21560.0,851.7999999999738,2,ATR k=1 (原主口径),100k,pct_balance,consistency
3,9,37352.999999999956,33617.69999999996,32340.0,1277.6999999999607,3,ATR k=1 (原主口径),100k,pct_balance,consistency
5,15,62254.99999999993,56029.499999999935,53900.0,2129.4999999999345,5,ATR k=1 (原主口径),100k,pct_balance,consistency
10,30,124509.99999999985,112058.99999999987,107800.0,4258.999999999869,10,ATR k=1 (原主口径),100k,pct_balance,consistency
1,3,6710.0199999999895,6039.017999999991,9163.0,-3123.982000000009,2,ATR k=1 (原主口径),100k,pct_mll,standard
2,6,13420.039999999979,12078.035999999982,18326.0,-6247.964000000018,4,ATR k=1 (原主口径),100k,pct_mll,standard
3,9,20130.05999999997,18117.053999999975,27489.0,-9371.946000000025,6,ATR k=1 (原主口径),100k,pct_mll,standard
5,15,33550.09999999995,30195.089999999953,45815.0,-15619.910000000047,10,ATR k=1 (原主口径),100k,pct_mll,standard
10,30,67100.1999999999,60390.179999999906,91630.0,-31239.820000000094,20,ATR k=1 (原主口径),100k,pct_mll,standard
1,2,6710.0199999999895,6039.017999999991,9114.0,-3074.982000000009,1,ATR k=1 (原主口径),100k,pct_mll,consistency
2,4,13420.039999999979,12078.035999999982,18228.0,-6149.964000000018,2,ATR k=1 (原主口径),100k,pct_mll,consistency
3,6,20130.05999999997,18117.053999999975,27342.0,-9224.946000000025,3,ATR k=1 (原主口径),100k,pct_mll,consistency
5,10,33550.09999999995,30195.089999999953,45570.0,-15374.910000000047,5,ATR k=1 (原主口径),100k,pct_mll,consistency
10,20,67100.1999999999,60390.179999999906,91140.0,-30749.820000000094,10,ATR k=1 (原主口径),100k,pct_mll,consistency
1,3,1823.280000000028,1640.9520000000252,4508.0,-2867.0479999999748,0,ATR k=1 (原主口径),150k,fixed_dollar,standard
2,6,3646.560000000056,3281.9040000000505,9016.0,-5734.0959999999495,0,ATR k=1 (原主口径),150k,fixed_dollar,standard
3,9,5469.840000000084,4922.856000000076,13524.0,-8601.143999999924,0,ATR k=1 (原主口径),150k,fixed_dollar,standard
5,15,9116.40000000014,8204.760000000126,22540.0,-14335.239999999874,0,ATR k=1 (原主口径),150k,fixed_dollar,standard
10,30,18232.80000000028,16409.52000000025,45080.0,-28670.47999999975,0,ATR k=1 (原主口径),150k,fixed_dollar,standard
1,3,1641.0,1476.9,4508.0,-3031.1,0,ATR k=1 (原主口径),150k,fixed_dollar,consistency
2,6,3282.0,2953.8,9016.0,-6062.2,0,ATR k=1 (原主口径),150k,fixed_dollar,consistency
3,9,4923.0,4430.700000000001,13524.0,-9093.3,0,ATR k=1 (原主口径),150k,fixed_dollar,consistency
5,15,8205.0,7384.5,22540.0,-15155.5,0,ATR k=1 (原主口径),150k,fixed_dollar,consistency
10,30,16410.0,14769.0,45080.0,-30311.0,0,ATR k=1 (原主口径),150k,fixed_dollar,consistency
1,0,0.0,0.0,10388.0,-10388.0,0,ATR k=1 (原主口径),150k,pct_balance,standard
2,0,0.0,0.0,20776.0,-20776.0,0,ATR k=1 (原主口径),150k,pct_balance,standard
3,0,0.0,0.0,31164.0,-31164.0,0,ATR k=1 (原主口径),150k,pct_balance,standard
5,0,0.0,0.0,51940.0,-51940.0,0,ATR k=1 (原主口径),150k,pct_balance,standard
10,0,0.0,0.0,103880.0,-103880.0,0,ATR k=1 (原主口径),150k,pct_balance,standard
1,3,15620.780000000028,14058.702000000025,10535.0,3523.702000000025,2,ATR k=1 (原主口径),150k,pct_balance,consistency
2,6,31241.560000000056,28117.40400000005,21070.0,7047.40400000005,4,ATR k=1 (原主口径),150k,pct_balance,consistency
3,9,46862.340000000084,42176.10600000007,31605.0,10571.106000000073,6,ATR k=1 (原主口径),150k,pct_balance,consistency
5,15,78103.90000000014,70293.51000000013,52675.0,17618.510000000126,10,ATR k=1 (原主口径),150k,pct_balance,consistency
10,30,156207.80000000028,140587.02000000025,105350.0,35237.02000000025,20,ATR k=1 (原主口径),150k,pct_balance,consistency
1,3,11059.020000000048,9953.118000000042,9065.0,888.1180000000422,2,ATR k=1 (原主口径),150k,pct_mll,standard
2,6,22118.040000000095,19906.236000000084,18130.0,1776.2360000000845,4,ATR k=1 (原主口径),150k,pct_mll,standard
3,9,33177.06000000014,29859.354000000127,27195.0,2664.3540000001267,6,ATR k=1 (原主口径),150k,pct_mll,standard
5,15,55295.10000000024,49765.590000000215,45325.0,4440.590000000215,10,ATR k=1 (原主口径),150k,pct_mll,standard
10,30,110590.20000000048,99531.18000000043,90650.0,8881.18000000043,20,ATR k=1 (原主口径),150k,pct_mll,standard
1,3,11279.779999999999,10151.802,9163.0,988.8019999999997,1,ATR k=1 (原主口径),150k,pct_mll,consistency
2,6,22559.559999999998,20303.604,18326.0,1977.6039999999994,2,ATR k=1 (原主口径),150k,pct_mll,consistency
3,9,33839.34,30455.406,27489.0,2966.405999999999,3,ATR k=1 (原主口径),150k,pct_mll,consistency
5,15,56398.899999999994,50759.009999999995,45815.0,4944.009999999995,5,ATR k=1 (原主口径),150k,pct_mll,consistency
10,30,112797.79999999999,101518.01999999999,91630.0,9888.01999999999,10,ATR k=1 (原主口径),150k,pct_mll,consistency
