session_date,direction,entry,exit,stop_pts,contracts,pnl,exit_reason,bars_held
2025-01-02,short,21266.5,21373.0,106.25,2,-428.68,stop,20
2025-01-03,long,21332.0,21510.0,106.75,2,709.32,time,360
2025-01-06,long,21779.75,21670.5,109.0,2,-439.68,stop,323
2025-01-07,short,21749.25,21303.0,108.75,2,1782.32,time,360
2025-01-08,long,21371.25,21264.25,106.75,2,-430.68,stop,39
2025-01-10,short,21159.0,20998.0,105.75,2,641.32,time,360
2025-01-13,short,20763.25,20867.25,103.75,2,-418.68,stop,71
2025-01-14,long,21072.25,20966.75,105.25,2,-424.68,stop,25
2025-01-15,long,21263.5,21443.0,106.25,2,715.32,time,360
2025-01-16,short,21427.75,21325.0,107.25,2,408.32,time,360
2025-01-17,long,21555.5,21618.25,107.75,2,248.32,time,360
2025-01-21,short,21689.5,21736.25,108.5,2,-189.68,time,360
2025-01-22,long,21960.75,22024.5,109.75,2,252.32,time,360
2025-01-23,long,21898.25,21966.75,109.5,2,271.32,time,360
2025-01-24,short,22018.0,21872.25,110.0,2,580.32,time,360
2025-01-27,long,21238.0,21131.5,106.25,2,-428.68,stop,314
2025-01-28,short,21258.5,21365.0,106.25,2,-428.68,stop,32
2025-01-29,short,21537.5,21583.25,107.75,2,-185.68,time,360
2025-01-30,short,21619.25,21727.5,108.0,2,-435.68,stop,15
2025-01-31,long,21812.25,21703.0,109.0,2,-439.68,stop,272
2025-02-03,long,21226.5,21120.0,106.25,2,-428.68,stop,43
2025-02-04,long,21452.25,21638.75,107.25,2,743.32,time,360
2025-02-05,long,21545.0,21733.75,107.75,2,752.32,time,360
2025-02-06,short,21761.75,21798.75,108.75,2,-150.68,time,360
2025-02-07,long,21945.75,21835.75,109.75,2,-442.68,stop,26
2025-02-10,short,21752.25,21861.25,108.75,2,-438.68,stop,48
2025-02-11,long,21774.5,21799.5,108.75,2,97.32,time,360
2025-02-12,long,21591.5,21821.0,108.0,2,915.32,time,360
2025-02-13,long,21937.5,22066.5,109.75,2,513.32,time,360
2025-02-14,long,22113.0,22201.25,110.5,2,350.32,time,360
2025-02-18,short,22250.0,22170.5,111.25,2,315.32,time,360
2025-02-19,short,22197.5,22241.25,111.0,2,-177.68,time,360
2025-02-20,short,22173.5,22107.75,110.75,2,260.32,time,360
2025-02-21,short,22153.25,21706.0,110.75,2,1786.32,time,360
2025-02-24,short,21738.75,21547.0,108.75,2,764.32,time,360
2025-02-25,short,21346.75,21214.5,106.75,2,526.32,time,360
2025-02-26,short,21207.0,21313.25,106.0,2,-427.68,stop,21
2025-02-27,long,21347.0,21240.0,106.75,2,-430.68,stop,8
2025-02-28,short,20465.0,20567.5,102.25,2,-412.68,stop,2
2025-03-03,long,21088.0,20982.25,105.5,2,-425.68,stop,5
2025-03-04,short,20308.25,20410.0,101.5,2,-409.68,stop,3
2025-03-05,short,20414.75,20517.0,102.0,2,-411.68,stop,197
2025-03-06,short,20280.75,20382.5,101.5,2,-409.68,stop,30
2025-03-07,long,20100.75,20000.0,100.5,2,-405.68,stop,57
2025-03-10,short,19818.25,19532.0,99.0,2,1142.32,time,360
2025-03-11,short,19422.25,19519.5,97.0,2,-391.68,stop,3
2025-03-12,long,19736.0,19637.0,98.75,2,-398.68,stop,14
2025-03-13,long,19563.25,19465.25,97.75,2,-394.68,stop,11
2025-03-14,long,19538.0,19440.0,97.75,2,-394.68,stop,26
2025-03-17,long,19758.25,19659.25,98.75,2,-398.68,stop,89
2025-03-18,short,19637.75,19515.5,98.25,2,486.32,time,360
2025-03-19,long,19567.25,19780.0,97.75,2,848.32,time,360
2025-03-20,long,19866.25,19853.0,99.25,2,-55.68,time,360
2025-03-21,short,19655.75,19754.25,98.25,2,-396.68,stop,49
2025-03-24,short,20233.75,20335.25,101.25,2,-408.68,stop,23
2025-03-25,short,20402.25,20455.5,102.0,2,-215.68,time,360
2025-03-26,short,20428.25,20080.0,102.25,2,1390.32,time,360
2025-03-27,short,19996.5,20096.75,100.0,2,-403.68,stop,26
2025-03-28,short,19866.75,19427.25,99.25,2,1755.32,time,360
2025-03-31,short,19033.0,19128.5,95.25,2,-384.68,stop,27
2025-04-01,short,19368.5,19465.5,96.75,2,-390.68,stop,76
2025-04-02,long,19418.25,19733.5,97.0,2,1258.32,time,360
2025-04-03,long,19051.0,18955.5,95.25,2,-384.68,stop,12
2025-04-04,short,18163.5,17844.0,90.75,2,1275.32,time,360
2025-04-07,short,16907.0,16991.75,84.5,2,-341.68,stop,16
2025-04-08,long,18169.75,18078.75,90.75,2,-366.68,stop,3
2025-04-09,long,17276.0,19232.75,86.5,2,7824.32,time,360
2025-04-10,short,18819.5,18452.75,94.0,2,1464.32,time,360
2025-04-11,short,18414.5,18506.75,92.0,2,-371.68,stop,5
2025-04-14,short,19183.25,19045.75,96.0,2,547.32,time,360
2025-04-15,long,19014.0,18918.75,95.0,2,-383.68,stop,229
2025-04-16,short,18624.75,18718.0,93.0,2,-375.68,stop,111
2025-04-17,short,18411.25,18503.5,92.0,2,-371.68,stop,20
2025-04-21,long,18151.75,18060.75,90.75,2,-366.68,stop,3
2025-04-22,short,18110.75,18201.5,90.5,2,-365.68,stop,10
2025-04-23,long,18987.75,18892.5,95.0,2,-383.68,stop,113
2025-04-24,long,18885.0,19252.5,94.5,2,1467.32,time,360
2025-04-25,long,19327.25,19479.25,96.75,2,605.32,time,360
2025-04-28,short,19497.0,19594.75,97.5,2,-393.68,stop,10
2025-04-29,long,19447.75,19651.0,97.25,2,810.32,time,360
2025-04-30,short,19295.25,19392.0,96.5,2,-389.68,stop,95
2025-05-01,short,19938.0,20038.0,99.75,2,-402.68,stop,66
2025-05-02,long,20087.25,20210.5,100.5,2,490.32,time,360
2025-05-05,long,20030.75,20118.75,100.25,2,349.32,time,360
2025-05-06,long,19837.0,19961.0,99.25,2,493.32,time,360
2025-05-07,short,19895.0,19770.25,99.5,2,496.32,time,360
2025-05-08,short,20112.0,20212.75,100.5,2,-405.68,stop,122
2025-05-09,long,20260.75,20159.25,101.25,2,-408.68,stop,52
2025-05-12,short,20805.75,20910.0,104.0,2,-419.68,stop,213
2025-05-13,long,21037.75,21326.5,105.25,2,1152.32,time,360
2025-05-14,long,21395.75,21288.5,107.0,2,-431.68,stop,14
2025-05-15,long,21332.75,21359.0,106.75,2,102.32,time,360
2025-05-16,short,21426.75,21481.0,107.25,2,-219.68,time,360
2025-05-19,long,21248.0,21464.5,106.25,2,863.32,time,360
2025-05-20,short,21420.5,21404.25,107.0,2,62.32,time,360
2025-05-21,long,21319.5,21212.75,106.5,2,-429.68,stop,235
2025-05-22,short,21124.0,21229.75,105.5,2,-425.68,stop,18
2025-05-23,long,20909.25,21034.75,104.5,2,499.32,time,360
2025-05-27,short,21234.25,21340.75,106.25,2,-428.68,stop,30
2025-05-28,long,21525.25,21417.5,107.5,2,-433.68,stop,318
2025-05-29,short,21609.75,21382.25,108.0,2,907.32,time,360
2025-05-30,short,21341.75,21372.0,106.75,2,-123.68,time,360
2025-06-02,long,21405.5,21298.25,107.0,2,-431.68,stop,26
2025-06-03,short,21532.0,21640.0,107.75,2,-434.68,stop,77
2025-06-04,long,21755.25,21646.25,108.75,2,-438.68,stop,34
2025-06-05,short,21800.75,21910.0,109.0,2,-439.68,stop,104
2025-06-06,long,21779.0,21803.75,109.0,2,96.32,time,360
2025-06-09,short,21778.5,21887.75,109.0,2,-439.68,stop,58
2025-06-10,short,21825.5,21935.0,109.25,2,-440.68,stop,322
2025-06-11,short,21972.0,21828.5,109.75,2,571.32,time,360
2025-06-12,long,21846.0,21927.5,109.25,2,323.32,time,360
2025-06-13,long,21764.0,21655.0,108.75,2,-438.68,stop,46
2025-06-16,long,21848.75,21931.25,109.25,2,327.32,time,360
2025-06-17,long,21860.25,21750.75,109.25,2,-440.68,stop,252
2025-06-18,short,21930.25,22040.25,109.75,2,-442.68,stop,35
2025-06-20,long,22089.75,21979.0,110.5,2,-445.68,stop,34
2025-06-23,short,21783.75,21893.0,109.0,2,-439.68,stop,11
2025-06-24,long,22294.75,22423.5,111.5,2,512.32,time,360
2025-06-25,long,22518.25,22405.5,112.5,2,-453.68,stop,246
2025-06-26,short,22534.75,22647.75,112.75,2,-454.68,stop,246
2025-06-27,short,22717.5,22690.0,113.5,2,107.32,time,360
2025-06-30,short,22825.0,22881.5,114.25,2,-228.68,time,360
2025-07-01,long,22804.25,22690.0,114.0,2,-459.68,stop,72
2025-07-02,long,22668.25,22830.5,113.25,2,646.32,time,360
2025-07-03,long,22964.25,23058.75,114.75,2,375.32,session_end,220
2025-07-07,short,22926.0,22858.25,114.75,2,268.32,time,360
2025-07-08,short,22902.0,22890.25,114.5,2,44.32,time,360
2025-07-09,long,23024.75,23038.5,115.0,2,52.32,time,360
2025-07-10,short,23031.75,23034.75,115.25,2,-14.68,time,360
2025-07-11,long,22931.0,22978.75,114.75,2,188.32,time,360
2025-07-14,long,22935.5,23034.0,114.75,2,391.32,time,360
2025-07-15,short,23161.25,23087.75,115.75,2,291.32,time,360
2025-07-16,short,23026.75,23069.5,115.25,2,-173.68,time,360
2025-07-17,short,23084.5,23200.25,115.5,2,-465.68,stop,86
2025-07-18,long,23292.0,23175.25,116.5,2,-469.68,stop,182
2025-07-21,long,23300.5,23366.25,116.5,2,260.32,time,360
2025-07-22,short,23289.25,23242.75,116.5,2,183.32,time,360
2025-07-23,short,23220.0,23283.5,116.0,2,-256.68,time,360
2025-07-24,long,23368.0,23415.25,116.75,2,186.32,time,360
2025-07-25,short,23364.5,23442.25,116.75,2,-313.68,time,360
2025-07-28,long,23494.5,23458.5,117.5,2,-146.68,time,360
2025-07-29,long,23631.75,23513.25,118.25,2,-476.68,stop,91
2025-07-30,short,23486.25,23412.25,117.5,2,293.32,time,360
2025-07-31,short,23678.25,23391.25,118.5,2,1145.32,time,360
2025-08-01,short,23012.75,22884.25,115.0,2,511.32,time,360
2025-08-04,long,23129.75,23259.75,115.75,2,517.32,time,360
2025-08-05,short,23308.5,23165.75,116.5,2,568.32,time,360
2025-08-06,long,23219.75,23437.5,116.0,2,868.32,time,360
2025-08-07,long,23615.75,23497.5,118.0,2,-475.68,stop,114
2025-08-08,long,23547.0,23701.0,117.75,2,613.32,time,360
2025-08-11,short,23686.75,23654.0,118.5,2,128.32,time,360
2025-08-12,long,23780.75,23661.5,119.0,2,-479.68,stop,24
2025-08-13,long,24058.5,23938.0,120.25,2,-484.68,stop,73
2025-08-14,long,23903.0,23923.0,119.5,2,77.32,time,360
2025-08-15,short,23856.25,23811.25,119.25,2,177.32,time,360
2025-08-18,long,23815.25,23789.25,119.0,2,-106.68,time,360
2025-08-19,short,23667.25,23468.25,118.25,2,793.32,time,360
2025-08-20,short,23370.75,23339.25,116.75,2,123.32,time,360
2025-08-21,short,23241.5,23230.0,116.25,2,43.32,time,360
2025-08-22,short,23233.25,23349.75,116.25,2,-468.68,stop,26
2025-08-25,short,23469.5,23587.0,117.25,2,-472.68,stop,97
2025-08-26,long,23502.75,23569.75,117.5,2,265.32,time,360
2025-08-27,short,23554.25,23605.0,117.75,2,-205.68,time,360
2025-08-28,long,23729.0,23610.0,118.75,2,-478.68,stop,16
2025-08-29,short,23638.0,23460.25,118.25,2,708.32,time,360
2025-09-02,short,23081.5,23197.25,115.5,2,-465.68,stop,14
2025-09-03,short,23397.5,23514.75,117.0,2,-471.68,stop,69
2025-09-04,long,23535.25,23417.25,117.75,2,-474.68,stop,41
2025-09-05,short,23847.25,23664.25,119.25,2,729.32,time,360
2025-09-08,long,23820.25,23770.75,119.0,2,-200.68,time,360
2025-09-09,long,23843.0,23858.5,119.25,2,59.32,time,360
2025-09-10,short,23962.5,23829.75,119.75,2,528.32,time,360
2025-09-11,long,23985.25,24035.75,120.0,2,199.32,time,360
2025-09-12,short,24034.25,24154.75,120.25,2,-484.68,stop,318
2025-09-15,long,24201.75,24277.0,121.0,2,298.32,time,360
2025-09-16,short,24326.0,24298.0,121.75,2,109.32,time,360
2025-09-17,short,24260.75,24250.5,121.25,2,38.32,time,360
2025-09-18,long,24698.5,24716.75,123.5,2,70.32,time,360
2025-09-19,long,24752.75,24842.75,123.75,2,357.32,time,360
2025-09-22,long,24850.25,25010.75,124.25,2,639.32,time,360
2025-09-23,short,24992.0,24816.5,125.0,2,699.32,time,360
2025-09-24,short,24840.5,24731.5,124.25,2,433.32,time,360
2025-09-25,short,24518.5,24641.25,122.5,2,-493.68,stop,50
2025-09-26,long,24693.5,24569.75,123.5,2,-497.68,stop,50
2025-09-29,short,24871.5,24810.75,124.25,2,240.32,time,360
2025-09-30,short,24762.25,24871.5,123.75,2,-439.68,time,360
2025-10-01,long,24816.25,25032.25,124.0,2,861.32,time,360
2025-10-02,short,25116.75,25121.75,125.5,1,-11.34,time,360
2025-10-03,long,25145.5,25019.5,125.75,1,-253.34,stop,236
2025-10-06,short,25161.5,25223.25,125.75,1,-124.84,time,360
2025-10-07,long,25239.0,25112.5,126.25,1,-254.34,stop,92
2025-10-08,long,25123.75,25312.0,125.5,1,375.16,time,360
2025-10-09,short,25306.5,25267.5,126.5,1,76.66,time,360
2025-10-10,long,25328.5,25201.5,126.75,1,-255.34,stop,84
2025-10-13,short,24759.25,24883.25,123.75,2,-498.68,stop,24
2025-10-14,short,24561.5,24684.5,122.75,2,-494.68,stop,49
2025-10-15,short,24960.75,25085.75,124.75,2,-502.68,stop,33
2025-10-16,long,25090.0,24964.25,125.5,1,-252.84,stop,135
2025-10-17,long,24779.25,25005.75,124.0,2,903.32,time,360
2025-10-20,long,25186.25,25319.5,126.0,1,265.16,time,360
2025-10-21,short,25280.5,25305.5,126.5,1,-51.34,time,360
2025-10-22,short,25184.25,25023.5,126.0,1,320.16,time,360
2025-10-23,long,25031.75,25268.0,125.25,1,471.16,time,360
2025-10-24,long,25490.25,25553.0,127.5,1,124.16,time,360
2025-10-27,short,25823.0,25930.5,129.0,1,-216.34,time,360
2025-10-28,long,26070.5,26225.0,130.25,1,307.66,time,360
2025-10-29,long,26278.25,26146.5,131.5,1,-264.84,stop,302
2025-10-30,short,26043.5,26174.0,130.25,1,-262.34,stop,26
2025-10-31,short,26159.5,26116.5,130.75,1,84.66,time,360
2025-11-03,long,26235.0,26103.5,131.25,1,-264.34,stop,27
2025-11-04,short,25677.5,25806.25,128.5,1,-258.84,stop,17
2025-11-05,short,25501.25,25629.0,127.5,1,-256.84,stop,17
2025-11-06,short,25645.25,25363.25,128.25,1,562.66,time,360
2025-11-07,short,25058.25,25079.75,125.25,1,-44.34,time,360
2025-11-10,long,25570.75,25708.0,127.75,1,273.16,time,360
2025-11-11,long,25617.5,25489.25,128.0,1,-257.84,stop,81
2025-11-12,short,25678.25,25633.75,128.5,1,87.66,time,360
2025-11-13,short,25434.25,25093.5,127.25,1,680.16,time,360
2025-11-14,short,24643.25,24766.75,123.25,2,-496.68,stop,2
2025-11-17,long,25094.75,24969.0,125.5,1,-252.84,stop,101
2025-11-18,long,24743.25,24619.25,123.75,2,-498.68,stop,15
2025-11-19,short,24631.25,24754.75,123.25,2,-496.68,stop,10
2025-11-20,short,25189.0,24250.0,126.0,1,1876.66,time,360
2025-11-21,long,24228.75,24107.25,121.25,2,-488.68,stop,12
2025-11-24,long,24682.25,24943.75,123.5,2,1043.32,time,360
2025-11-25,short,24853.0,24977.5,124.25,2,-500.68,stop,167
2025-11-26,long,25240.75,25339.25,126.25,1,195.66,time,360
2025-11-28,long,25396.75,25484.25,127.0,1,173.66,session_end,220
2025-12-01,long,25299.75,25395.25,126.5,1,189.66,time,360
2025-12-02,long,25526.25,25634.75,127.75,1,215.66,time,360
2025-12-03,short,25473.0,25600.5,127.25,1,-256.34,stop,63
2025-12-04,short,25566.25,25577.25,127.75,1,-23.34,time,360
2025-12-05,long,25758.5,25726.25,128.75,1,-65.84,time,360
2025-12-08,long,25831.25,25701.75,129.25,1,-260.34,stop,50
2025-12-09,short,25580.25,25708.5,128.0,1,-257.84,stop,102
2025-12-10,short,25615.5,25743.75,128.0,1,-257.84,stop,300
2025-12-11,short,25573.25,25701.25,127.75,1,-257.34,stop,292
2025-12-12,short,25574.25,25199.0,127.75,1,749.16,time,360
2025-12-15,short,25316.25,25108.5,126.5,1,414.16,time,360
2025-12-16,long,25040.0,25156.25,125.25,1,231.16,time,360
2025-12-17,short,25399.75,24954.5,127.0,1,889.16,time,360
2025-12-18,long,25270.5,25318.25,126.25,1,94.16,time,360
2025-12-19,long,25453.25,25578.0,127.25,1,248.16,time,360
2025-12-22,short,25706.25,25695.75,128.5,1,19.66,time,360
2025-12-23,long,25706.0,25798.25,128.5,1,183.16,time,360
2025-12-24,long,25819.5,25864.5,129.0,1,88.66,session_end,220
2025-12-26,short,25899.0,25873.25,129.5,1,50.16,time,360
2025-12-29,long,25720.75,25751.5,128.5,1,60.16,time,360
2025-12-30,long,25720.75,25710.5,128.5,1,-21.84,time,360
2025-12-31,short,25666.0,25499.5,128.25,1,331.66,time,360
2026-01-02,short,25678.5,25417.0,128.5,1,521.66,time,360
2026-01-05,short,25588.25,25596.0,128.0,1,-16.84,time,360
2026-01-06,long,25648.5,25813.75,128.25,1,329.16,time,360
2026-01-07,long,25822.25,25838.5,129.0,1,31.16,time,360
2026-01-08,short,25705.75,25693.0,128.5,1,24.16,time,360
2026-01-09,short,25675.25,25804.0,128.5,1,-258.84,stop,48
2026-01-12,long,25855.75,25989.0,129.25,1,265.16,time,360
2026-01-13,long,25984.0,25853.75,130.0,1,-261.84,stop,47
2026-01-14,long,25780.0,25650.75,129.0,1,-259.84,stop,8
2026-01-15,short,25888.5,25708.0,129.5,1,359.66,time,360
2026-01-16,long,25865.25,25735.75,129.25,1,-260.34,stop,25
2026-01-20,long,25347.25,25220.25,126.75,1,-255.34,stop,239
2026-01-21,long,25163.25,25498.75,125.75,1,669.66,time,360
2026-01-22,short,25666.25,25600.75,128.25,1,129.66,time,360
2026-01-23,long,25592.0,25708.25,128.0,1,231.16,time,360
2026-01-26,long,25770.25,25884.5,128.75,1,227.16,time,360
2026-01-27,short,25961.5,26091.5,129.75,1,-261.34,stop,64
2026-01-28,short,26249.0,26153.25,131.25,1,190.16,time,360
2026-01-29,short,26097.0,25875.5,130.5,1,441.66,time,360
2026-01-30,long,25890.25,25760.5,129.5,1,-260.84,stop,107
2026-02-02,long,25637.75,25858.75,128.25,1,440.66,time,360
2026-02-03,short,25875.0,25396.75,129.5,1,955.16,time,360
2026-02-04,short,25286.75,25065.75,126.5,1,440.66,time,360
2026-02-05,long,24813.25,24689.0,124.0,2,-499.68,stop,27
2026-02-06,long,24857.0,25103.75,124.25,2,984.32,time,360
2026-02-09,short,25044.5,25170.0,125.25,1,-252.34,stop,12
2026-02-10,short,25362.0,25245.5,126.75,1,231.66,time,360
2026-02-11,short,25385.0,25278.5,127.0,1,211.66,time,360
2026-02-12,short,25358.0,24805.0,126.75,1,1104.66,time,360
2026-02-13,short,24719.0,24842.75,123.5,2,-497.68,stop,14
2026-02-17,long,24758.5,24634.5,123.75,2,-498.68,stop,13
2026-02-18,short,24767.5,24891.5,123.75,2,-498.68,stop,20
2026-02-19,short,24833.5,24958.0,124.25,2,-500.68,stop,106
2026-02-20,long,24805.5,25026.0,124.0,2,879.32,time,360
2026-02-23,long,25005.25,24880.0,125.0,2,-503.68,stop,10
2026-02-24,short,24738.75,24862.75,123.75,2,-498.68,stop,7
2026-02-25,long,25223.25,25356.5,126.0,1,265.16,time,360
2026-02-26,short,25271.5,25069.25,126.25,1,403.16,time,360
2026-02-27,long,24880.75,24960.0,124.5,2,314.32,time,360
2026-03-02,long,24833.0,25004.75,124.25,2,684.32,time,360
2026-03-03,long,24528.75,24405.75,122.75,2,-494.68,stop,47
2026-03-04,long,24964.75,24839.75,124.75,2,-502.68,stop,11
2026-03-05,long,25094.0,24968.25,125.5,1,-252.84,stop,56
2026-03-06,long,24706.0,24638.25,123.5,2,-273.68,time,360
2026-03-09,long,24477.5,24354.75,122.5,2,-493.68,stop,8
2026-03-10,long,25025.25,24900.0,125.0,2,-503.68,stop,35
2026-03-11,long,25076.75,24951.0,125.5,1,-252.84,stop,104
2026-03-12,long,24814.25,24690.0,124.0,2,-499.68,stop,13
2026-03-13,short,24660.25,24783.75,123.25,2,-496.68,stop,11
2026-03-16,long,24691.5,24676.5,123.5,2,-62.68,time,360
2026-03-17,long,24838.25,24784.0,124.25,2,-219.68,time,360
2026-03-18,long,24944.75,24819.75,124.75,2,-502.68,stop,52
2026-03-19,short,24357.0,24479.0,121.75,2,-490.68,stop,16
2026-03-20,short,24400.25,24031.0,122.0,2,1474.32,time,360
2026-03-23,short,24477.0,24599.75,122.5,2,-493.68,stop,19
2026-03-24,long,24304.5,24182.75,121.5,2,-489.68,stop,6
2026-03-25,long,24466.25,24343.75,122.25,2,-492.68,stop,26
2026-03-26,short,24122.5,23822.0,120.5,2,1199.32,time,360
2026-03-27,short,23563.75,23347.75,117.75,2,861.32,time,360
2026-03-30,short,23463.5,23029.75,117.25,2,1732.32,time,360
2026-03-31,long,23458.25,23885.25,117.25,2,1705.32,time,360
2026-04-01,long,24157.75,24220.0,120.75,2,246.32,time,360
2026-04-02,long,23789.25,24144.5,119.0,2,1418.32,time,360
2026-04-06,long,24355.0,24233.0,121.75,2,-490.68,stop,218
2026-04-07,short,24220.5,24211.5,121.0,2,33.32,time,360
2026-04-08,short,25163.25,24994.0,125.75,1,337.16,time,360
2026-04-09,short,25027.75,25153.25,125.25,1,-252.34,stop,119
2026-04-10,long,25336.25,25282.25,126.75,1,-109.34,time,360
2026-04-13,long,25221.25,25473.25,126.0,1,502.66,time,360
2026-04-14,long,25718.75,25971.0,128.5,1,503.16,time,360
2026-04-15,long,26019.75,26349.25,130.0,1,657.66,time,360
2026-04-16,short,26393.75,26526.0,132.0,1,-265.84,stop,122
2026-04-17,short,26671.75,26805.25,133.25,1,-268.34,stop,65
2026-04-20,long,26812.5,26678.25,134.0,1,-269.84,stop,77
2026-04-21,short,26758.75,26768.0,133.75,1,-19.84,time,360
2026-04-22,short,26824.5,26958.75,134.0,1,-269.84,stop,46
2026-04-23,short,27004.0,27139.25,135.0,1,-271.84,stop,105
2026-04-24,short,27220.5,27356.75,136.0,1,-273.84,stop,130
2026-04-27,short,27368.75,27430.0,136.75,1,-123.84,time,360
2026-04-28,long,27139.75,27173.5,135.75,1,66.16,time,360
2026-04-29,short,27146.75,27282.75,135.75,1,-273.34,stop,58
2026-04-30,short,27345.0,27482.0,136.75,1,-275.34,stop,236
2026-05-01,long,27736.5,27883.75,138.75,1,293.16,time,360
2026-05-04,short,27827.0,27787.75,139.25,1,77.16,time,360
2026-05-05,long,28025.5,28161.25,140.25,1,270.16,time,360
2026-05-06,long,28443.75,28672.0,142.25,1,455.16,time,360
2026-05-07,long,28761.0,28617.0,143.75,1,-289.34,stop,226
2026-05-08,long,28963.75,29276.25,144.75,1,623.66,time,360
2026-05-11,long,29427.0,29279.5,147.25,1,-296.34,stop,55
2026-05-12,short,29197.5,29103.5,146.0,1,186.66,time,360
2026-05-13,short,29257.25,29403.75,146.25,1,-294.34,stop,169
2026-05-14,long,29550.25,29710.0,147.75,1,318.16,time,360
2026-05-15,long,29254.25,29107.75,146.25,1,-294.34,stop,12
2026-05-18,short,29288.0,28952.25,146.5,1,670.16,time,360
2026-05-19,long,28958.0,28813.0,144.75,1,-291.34,stop,33
2026-05-20,long,29135.75,29339.5,145.75,1,406.16,time,360
2026-05-21,long,29264.75,29408.75,146.25,1,286.66,time,360
2026-05-22,long,29649.25,29500.75,148.25,1,-298.34,stop,49
2026-05-26,short,29852.5,30002.0,149.25,1,-300.34,stop,25
2026-05-27,short,30140.5,30041.25,150.75,1,197.16,time,360
2026-05-28,short,30010.5,30160.75,150.0,1,-301.84,stop,39
2026-05-29,long,30375.25,30402.5,152.0,1,53.16,time,360
2026-06-01,short,30380.25,30532.5,152.0,1,-305.84,stop,116
2026-06-02,short,30476.5,30629.25,152.5,1,-306.84,stop,38
2026-06-03,short,30714.0,30648.5,153.5,1,129.66,time,360
2026-06-04,long,30343.75,30191.75,151.75,1,-305.34,stop,11
2026-06-05,short,30044.0,29113.75,150.25,1,1859.16,time,360
2026-06-08,short,29417.25,29564.5,147.0,1,-295.84,stop,61
2026-06-09,short,29649.5,29798.0,148.25,1,-298.34,stop,12
2026-06-10,short,28780.0,28924.25,144.0,1,-289.84,stop,2
2026-06-11,short,28686.25,28830.0,143.5,1,-288.84,stop,12
2026-06-12,short,29338.75,29485.75,146.75,1,-295.34,stop,29
2026-06-15,long,30358.0,30537.25,151.75,1,357.16,time,360
2026-06-16,short,30482.75,30107.5,152.5,1,749.16,time,360
2026-06-17,short,30441.0,30060.5,152.25,1,759.66,time,360
2026-06-18,short,30485.75,30638.5,152.5,1,-306.84,stop,50
2026-06-22,short,30783.5,30937.75,154.0,1,-309.84,stop,26
2026-06-23,long,29768.5,29619.5,148.75,1,-299.34,stop,311
2026-06-24,long,29808.5,29659.25,149.0,1,-299.84,stop,7
2026-06-25,short,30057.5,29667.75,150.25,1,778.16,time,360
2026-06-26,short,29231.5,29378.0,146.25,1,-294.34,stop,22
2026-06-29,long,29760.5,29611.5,148.75,1,-299.34,stop,23
2026-06-30,long,30179.25,30569.25,151.0,1,778.66,time,360
2026-07-01,short,30117.25,30268.0,150.5,1,-302.84,stop,25
2026-07-02,short,30135.0,30286.0,150.75,1,-303.34,stop,28
2026-07-06,long,29926.75,30026.5,149.75,1,198.16,time,360
2026-07-07,short,29532.25,29369.5,147.75,1,324.16,time,360
2026-07-08,long,29303.75,29157.0,146.5,1,-294.84,stop,76
2026-07-09,long,29779.0,29629.75,149.0,1,-299.84,stop,47
2026-07-10,long,29903.0,29753.25,149.5,1,-300.84,stop,59
2026-07-13,short,29644.5,29437.5,148.25,1,412.66,time,360
2026-07-14,short,29694.25,29843.0,148.5,1,-298.84,stop,90
2026-07-15,long,29953.25,29803.25,149.75,1,-301.34,stop,12
2026-07-16,short,29433.25,29149.75,147.25,1,565.66,time,360
2026-07-17,short,28553.0,28696.0,142.75,1,-287.34,stop,26
2026-07-20,long,29136.75,28990.75,145.75,1,-293.34,stop,24
2026-07-21,short,29147.0,29293.0,145.75,1,-293.34,stop,98
2026-07-22,long,29151.25,29228.75,145.75,1,153.66,time,360
2026-07-23,short,28759.5,28560.5,143.75,1,396.66,time,360
2026-07-24,long,28603.5,28460.25,143.0,1,-287.84,stop,8
2026-07-27,short,28536.25,28233.25,142.75,1,604.66,time,360
2026-07-28,short,27876.75,28016.5,139.5,1,-280.84,stop,124
2026-07-29,long,27957.5,27817.5,139.75,1,-281.34,stop,13
2026-07-30,long,27871.5,28242.5,139.25,1,740.66,time,360
2026-07-31,long,28682.5,28538.75,143.5,1,-288.84,stop,6
2026-08-03,short,28380.5,28522.75,142.0,1,-285.84,stop,3
2026-08-04,long,29383.0,29912.75,147.0,1,1058.16,time,360
2026-08-05,long,30013.25,29863.0,150.0,1,-301.84,stop,57
2026-08-06,short,29339.75,29486.75,146.75,1,-295.34,stop,12
2026-08-07,long,29805.0,29655.75,149.0,1,-299.84,stop,23
2026-08-10,short,29740.5,29889.5,148.75,1,-299.34,stop,37
2026-08-11,short,29737.25,29637.0,148.75,1,199.16,time,360
2026-08-12,short,29878.25,29859.0,149.5,1,37.16,time,360
2026-08-13,long,29945.75,30216.0,149.75,1,539.16,time,360
2026-08-14,short,30206.0,30101.5,151.0,1,207.66,time,360
2026-08-17,short,30196.25,30097.5,151.0,1,196.16,time,360
2026-08-18,short,29685.0,29592.5,148.5,1,183.66,time,360
2026-08-19,short,29672.75,29582.25,148.25,1,179.66,time,360
2026-08-20,long,29403.5,29256.25,147.0,1,-295.84,stop,269
2026-08-21,short,29362.0,29404.25,146.75,1,-85.84,time,360
2026-08-24,short,29112.5,29142.5,145.5,1,-61.34,time,360
2026-08-25,long,29375.5,29228.25,147.0,1,-295.84,stop,48
2026-08-26,long,29256.25,29343.0,146.25,1,172.16,time,360
2026-08-27,short,29463.25,29610.75,147.25,1,-296.34,stop,53
2026-08-28,short,29605.5,29753.75,148.0,1,-297.84,stop,73
